folder_l,data_index,matrix_type,channel,target_uW,target_W,effective_target_W,n_points,mean_W,std_W,min_W,max_W,file_name,file_path
0,1,calib,0,8.72,8.72e-06,8.72e-06,87,8.72e-06,2.204479243876805e-07,8.342756824092165e-06,9.222230088947424e-06,DAT01.CSV,D:\自制软件\thesis\数据内容\对比度数据\新3\2\连续测量\l=0\DAT01.CSV
0,2,calib,1,0.034,3.4e-08,3.4e-08,85,3.4e-08,1.1262127146026005e-09,3.175443805609441e-08,3.636061874353802e-08,DAT02.CSV,D:\自制软件\thesis\数据内容\对比度数据\新3\2\连续测量\l=0\DAT02.CSV
0,3,calib,2,0.014,1.4e-08,1.4e-08,87,1.4e-08,3.161572568404665e-10,1.3220993022874063e-08,1.4476086448119883e-08,DAT03.CSV,D:\自制软件\thesis\数据内容\对比度数据\新3\2\连续测量\l=0\DAT03.CSV
0,4,calib,3,0.001,1e-09,1e-09,107,1e-09,5.096269988044622e-11,9.116915793749481e-10,1.1025855050822016e-09,DAT04.CSV,D:\自制软件\thesis\数据内容\对比度数据\新3\2\连续测量\l=0\DAT04.CSV
0,5,calib,4,0.0,0.0,7.802357870958425e-11,63,7.802357870958425e-11,4.609897607869461e-12,7.066274291596333e-11,8.62468026161565e-11,DAT05.CSV,D:\自制软件\thesis\数据内容\对比度数据\新3\2\连续测量\l=0\DAT05.CSV
0,6,calib,5,0.0,0.0,7.671600585293905e-11,102,7.671600585293904e-11,2.3254151576553595e-12,7.257531860338684e-11,8.147571867547978e-11,DAT06.CSV,D:\自制软件\thesis\数据内容\对比度数据\新3\2\连续测量\l=0\DAT06.CSV
0,7,calib,6,0.0,0.0,7.478252415651072e-11,77,7.478252415651072e-11,8.206472037787506e-12,5.892822051898648e-11,9.310571096758692e-11,DAT07.CSV,D:\自制软件\thesis\数据内容\对比度数据\新3\2\连续测量\l=0\DAT07.CSV
0,8,calib,7,0.0,0.0,1.9079197141052723e-10,86,1.9079197141052726e-10,2.1619402648706982e-11,1.372069693500598e-10,2.3318247869067204e-10,DAT08.CSV,D:\自制软件\thesis\数据内容\对比度数据\新3\2\连续测量\l=0\DAT08.CSV
0,9,calib,8,0.0,0.0,2.124159667625132e-10,88,2.124159667625132e-10,2.2933015467231516e-11,1.6435441230767393e-10,2.5773308938408055e-10,DAT09.CSV,D:\自制软件\thesis\数据内容\对比度数据\新3\2\连续测量\l=0\DAT09.CSV
0,10,full,0,1.12,1.12e-06,1.12e-06,81,1.12e-06,2.2891401949791674e-08,1.066670327479283e-06,1.1715960323139377e-06,DAT10.CSV,D:\自制软件\thesis\数据内容\对比度数据\新3\2\连续测量\l=0\DAT10.CSV
0,11,full,1,0.014,1.4e-08,1.4e-08,75,1.4000000000000001e-08,4.154935791533002e-10,1.327117773561216e-08,1.4766939345282115e-08,DAT11.CSV,D:\自制软件\thesis\数据内容\对比度数据\新3\2\连续测量\l=0\DAT11.CSV
0,12,full,2,0.002,2e-09,2e-09,82,2e-09,2.3477832665051615e-10,1.642812520852612e-09,2.512126655495212e-09,DAT12.CSV,D:\自制软件\thesis\数据内容\对比度数据\新3\2\连续测量\l=0\DAT12.CSV
0,13,full,3,0.003,3e-09,3e-09,104,3e-09,1.08916971580209e-10,2.7296840539586425e-09,3.191014194454161e-09,DAT13.CSV,D:\自制软件\thesis\数据内容\对比度数据\新3\2\连续测量\l=0\DAT13.CSV
0,14,full,4,0.018,1.8e-08,1.8e-08,76,1.8e-08,3.6539671327065004e-10,1.7349257452155013e-08,1.8534169000657973e-08,DAT14.CSV,D:\自制软件\thesis\数据内容\对比度数据\新3\2\连续测量\l=0\DAT14.CSV
0,15,full,5,0.013,1.2999999999999999e-08,1.2999999999999999e-08,62,1.2999999999999999e-08,1.8016389338631125e-10,1.2638248984349267e-08,1.3351890282442311e-08,DAT15.CSV,D:\自制软件\thesis\数据内容\对比度数据\新3\2\连续测量\l=0\DAT15.CSV
0,16,full,6,0.005,5e-09,5e-09,84,5e-09,1.3833616912862407e-10,4.723585095783761e-09,5.3403529361740485e-09,DAT16.CSV,D:\自制软件\thesis\数据内容\对比度数据\新3\2\连续测量\l=0\DAT16.CSV
0,17,full,7,0.003,3e-09,3e-09,109,3e-09,3.317738309391051e-10,2.2984924143285135e-09,3.692041064829969e-09,DAT17.CSV,D:\自制软件\thesis\数据内容\对比度数据\新3\2\连续测量\l=0\DAT17.CSV
0,18,full,8,0.006,6e-09,6e-09,106,6e-09,1.470411134754864e-10,5.6944461147959206e-09,6.265003178813243e-09,DAT18.CSV,D:\自制软件\thesis\数据内容\对比度数据\新3\2\连续测量\l=0\DAT18.CSV
1,1,calib,0,0.042,4.2e-08,4.2e-08,69,4.2e-08,6.239747783205469e-10,4.073264758713309e-08,4.303254815501453e-08,DAT01.CSV,D:\自制软件\thesis\数据内容\对比度数据\新3\2\连续测量\l=1\DAT01.CSV
1,2,calib,1,38.9,3.89e-05,3.89e-05,68,3.89e-05,1.0020237241277868e-06,3.704291832370521e-05,4.0772883308588994e-05,DAT02.CSV,D:\自制软件\thesis\数据内容\对比度数据\新3\2\连续测量\l=1\DAT02.CSV
1,3,calib,2,0.161,1.61e-07,1.61e-07,79,1.61e-07,1.5787303305086286e-09,1.5705463125123544e-07,1.6401689741862346e-07,DAT03.CSV,D:\自制软件\thesis\数据内容\对比度数据\新3\2\连续测量\l=1\DAT03.CSV
1,4,calib,3,0.07,7e-08,7e-08,85,7e-08,3.464670560269411e-09,6.367167254121906e-08,7.825229074804919e-08,DAT04.CSV,D:\自制软件\thesis\数据内容\对比度数据\新3\2\连续测量\l=1\DAT04.CSV
1,5,calib,4,0.003,3e-09,3e-09,66,3e-09,3.1694578000273067e-10,2.3512642714096454e-09,3.6007057037513443e-09,DAT05.CSV,D:\自制软件\thesis\数据内容\对比度数据\新3\2\连续测量\l=1\DAT05.CSV
1,6,calib,5,0.0,0.0,2.9974226835871466e-10,70,2.9974226835871466e-10,3.2129231772601477e-11,2.424316088692482e-10,3.504316297579904e-10,DAT06.CSV,D:\自制软件\thesis\数据内容\对比度数据\新3\2\连续测量\l=1\DAT06.CSV
1,7,calib,6,0.0,0.0,2.0275393495479486e-10,109,2.0275393495479486e-10,1.4248985059008838e-11,1.7655915982761914e-10,2.3326981431989713e-10,DAT07.CSV,D:\自制软件\thesis\数据内容\对比度数据\新3\2\连续测量\l=1\DAT07.CSV
1,8,calib,7,0.0,0.0,1.366862888313145e-10,94,1.366862888313145e-10,9.002932824537104e-12,1.202555383722886e-10,1.555995978528254e-10,DAT08.CSV,D:\自制软件\thesis\数据内容\对比度数据\新3\2\连续测量\l=1\DAT08.CSV
1,9,calib,8,0.0,0.0,1.3387451185079716e-10,101,1.3387451185079716e-10,5.888268711185926e-12,1.1974421972459683e-10,1.4616598056513515e-10,DAT09.CSV,D:\自制软件\thesis\数据内容\对比度数据\新3\2\连续测量\l=1\DAT09.CSV
1,10,full,0,0.002,2e-09,2e-09,61,2e-09,1.3120883629583309e-10,1.754000765076215e-09,2.2430082399898853e-09,DAT10.CSV,D:\自制软件\thesis\数据内容\对比度数据\新3\2\连续测量\l=1\DAT10.CSV
1,11,full,1,1.84,1.84e-06,1.84e-06,86,1.84e-06,3.5690018244763746e-08,1.7611562200265727e-06,1.906265439466862e-06,DAT11.CSV,D:\自制软件\thesis\数据内容\对比度数据\新3\2\连续测量\l=1\DAT11.CSV
1,12,full,2,0.009,9e-09,9e-09,106,9e-09,2.2045374010873856e-10,8.567962894657345e-09,9.464725943621245e-09,DAT12.CSV,D:\自制软件\thesis\数据内容\对比度数据\新3\2\连续测量\l=1\DAT12.CSV
1,13,full,3,0.001,1e-09,1e-09,91,1e-09,8.943879868894505e-11,8.463718513795019e-10,1.1820333545735928e-09,DAT13.CSV,D:\自制软件\thesis\数据内容\对比度数据\新3\2\连续测量\l=1\DAT13.CSV
1,14,full,4,0.002,2e-09,2e-09,66,2e-09,9.354521605324951e-11,1.8777526963695143e-09,2.1912973976990607e-09,DAT14.CSV,D:\自制软件\thesis\数据内容\对比度数据\新3\2\连续测量\l=1\DAT14.CSV
1,15,full,5,0.014,1.4e-08,1.4e-08,104,1.4e-08,4.734371732583862e-10,1.3130779401558861e-08,1.4817929614326528e-08,DAT15.CSV,D:\自制软件\thesis\数据内容\对比度数据\新3\2\连续测量\l=1\DAT15.CSV
1,16,full,6,0.011,1.1e-08,1.1e-08,65,1.1e-08,2.3858708195599767e-10,1.058912364545117e-08,1.1427868168676567e-08,DAT16.CSV,D:\自制软件\thesis\数据内容\对比度数据\新3\2\连续测量\l=1\DAT16.CSV
1,17,full,7,0.003,3e-09,3e-09,86,3e-09,2.9463487753842095e-10,2.479253098742815e-09,3.4397966824198413e-09,DAT17.CSV,D:\自制软件\thesis\数据内容\对比度数据\新3\2\连续测量\l=1\DAT17.CSV
1,18,full,8,0.003,3e-09,3e-09,80,3.0000000000000004e-09,1.1886237059179058e-10,2.7594616959440493e-09,3.2481300049902136e-09,DAT18.CSV,D:\自制软件\thesis\数据内容\对比度数据\新3\2\连续测量\l=1\DAT18.CSV
2,1,calib,0,0.04,4e-08,4e-08,81,4e-08,1.2153367075268577e-09,3.797340167656373e-08,4.2203832249559224e-08,DAT01.CSV,D:\自制软件\thesis\数据内容\对比度数据\新3\2\连续测量\l=2\DAT01.CSV
2,2,calib,1,0.1389,1.3889999999999998e-07,1.3889999999999998e-07,64,1.3889999999999998e-07,2.5066146922991037e-09,1.3397152493175368e-07,1.4307582542298623e-07,DAT02.CSV,D:\自制软件\thesis\数据内容\对比度数据\新3\2\连续测量\l=2\DAT02.CSV
2,3,calib,2,44.3,4.429999999999999e-05,4.429999999999999e-05,77,4.429999999999999e-05,7.879344425027557e-07,4.2916529406856156e-05,4.6361416412209245e-05,DAT03.CSV,D:\自制软件\thesis\数据内容\对比度数据\新3\2\连续测量\l=2\DAT03.CSV
2,4,calib,3,0.203,2.03e-07,2.03e-07,60,2.03e-07,4.5463972322708095e-09,1.9405819217960477e-07,2.1208305501376052e-07,DAT04.CSV,D:\自制软件\thesis\数据内容\对比度数据\新3\2\连续测量\l=2\DAT04.CSV
2,5,calib,4,0.129,1.29e-07,1.29e-07,97,1.29e-07,4.1107568118190624e-09,1.1849953815458759e-07,1.355177107617746e-07,DAT05.CSV,D:\自制软件\thesis\数据内容\对比度数据\新3\2\连续测量\l=2\DAT05.CSV
2,6,calib,5,0.006,6e-09,6e-09,68,6e-09,1.1121408916429579e-10,5.839914615419106e-09,6.21098099884408e-09,DAT06.CSV,D:\自制软件\thesis\数据内容\对比度数据\新3\2\连续测量\l=2\DAT06.CSV
2,7,calib,6,0.001,1e-09,1e-09,68,1e-09,1.16465433288302e-10,7.660434147032864e-10,1.2584710529244278e-09,DAT07.CSV,D:\自制软件\thesis\数据内容\对比度数据\新3\2\连续测量\l=2\DAT07.CSV
2,8,calib,7,0.0,0.0,1.1987385538974308e-10,64,1.1987385538974308e-10,3.851165767106481e-12,1.125128750626186e-10,1.285008590807543e-10,DAT08.CSV,D:\自制软件\thesis\数据内容\对比度数据\新3\2\连续测量\l=2\DAT08.CSV
2,9,calib,8,0.0,0.0,1.2750618370405923e-10,71,1.2750618370405923e-10,1.1351763148683067e-11,1.1005669478033172e-10,1.5015048973720317e-10,DAT09.CSV,D:\自制软件\thesis\数据内容\对比度数据\新3\2\连续测量\l=2\DAT09.CSV
2,10,full,0,0.007,7e-09,7e-09,74,7.000000000000001e-09,1.5640909581138788e-10,6.733897240898137e-09,7.3691868729267166e-09,DAT10.CSV,D:\自制软件\thesis\数据内容\对比度数据\新3\2\连续测量\l=2\DAT10.CSV
2,11,full,1,0.003,3e-09,3e-09,96,3e-09,3.3685133305956775e-10,2.3782786164775897e-09,3.6310729615873186e-09,DAT11.CSV,D:\自制软件\thesis\数据内容\对比度数据\新3\2\连续测量\l=2\DAT11.CSV
2,12,full,2,1.58,1.58e-06,1.58e-06,64,1.58e-06,4.530145619982997e-09,1.5723062325337514e-06,1.588253955263123e-06,DAT12.CSV,D:\自制软件\thesis\数据内容\对比度数据\新3\2\连续测量\l=2\DAT12.CSV
2,13,full,3,0.01,1e-08,1e-08,78,1e-08,1.7510840077133094e-10,9.66193220128718e-09,1.0272764891324434e-08,DAT13.CSV,D:\自制软件\thesis\数据内容\对比度数据\新3\2\连续测量\l=2\DAT13.CSV
2,14,full,4,0.001,1e-09,1e-09,61,1e-09,5.594144931000843e-11,9.136673283038294e-10,1.085139837978003e-09,DAT14.CSV,D:\自制软件\thesis\数据内容\对比度数据\新3\2\连续测量\l=2\DAT14.CSV
2,15,full,5,0.002,2e-09,2e-09,74,2e-09,2.0423328728903505e-10,1.679036013402132e-09,2.400308205695758e-09,DAT15.CSV,D:\自制软件\thesis\数据内容\对比度数据\新3\2\连续测量\l=2\DAT15.CSV
2,16,full,6,0.01,1e-08,1e-08,93,1e-08,1.325861304484765e-10,9.729128188094534e-09,1.0236453838305196e-08,DAT16.CSV,D:\自制软件\thesis\数据内容\对比度数据\新3\2\连续测量\l=2\DAT16.CSV
2,17,full,7,0.008,8e-09,8e-09,64,8e-09,1.1975620425124258e-10,7.769300585568896e-09,8.250432592169027e-09,DAT17.CSV,D:\自制软件\thesis\数据内容\对比度数据\新3\2\连续测量\l=2\DAT17.CSV
2,18,full,8,0.002,2e-09,2e-09,74,2e-09,2.472186665328128e-10,1.5705720681235114e-09,2.379429525310471e-09,DAT18.CSV,D:\自制软件\thesis\数据内容\对比度数据\新3\2\连续测量\l=2\DAT18.CSV
3,1,calib,0,0.001,1e-09,1e-09,87,1e-09,3.685662463376524e-11,9.239870296928657e-10,1.0540727884318009e-09,DAT01.CSV,D:\自制软件\thesis\数据内容\对比度数据\新3\2\连续测量\l=3\DAT01.CSV
3,2,calib,1,0.184,1.8399999999999998e-07,1.8399999999999998e-07,65,1.8399999999999998e-07,3.5435541206249283e-09,1.7703799747113377e-07,1.9001907924038122e-07,DAT02.CSV,D:\自制软件\thesis\数据内容\对比度数据\新3\2\连续测量\l=3\DAT02.CSV
3,3,calib,2,0.129,1.29e-07,1.29e-07,67,1.29e-07,1.8773489722659046e-09,1.2561074255837266e-07,1.3278409575663016e-07,DAT03.CSV,D:\自制软件\thesis\数据内容\对比度数据\新3\2\连续测量\l=3\DAT03.CSV
3,4,calib,3,40.6,4.06e-05,4.06e-05,61,4.06e-05,8.331096097024715e-07,3.9167461737535745e-05,4.200256204895219e-05,DAT04.CSV,D:\自制软件\thesis\数据内容\对比度数据\新3\2\连续测量\l=3\DAT04.CSV
3,5,calib,4,0.202,2.02e-07,2.02e-07,101,2.02e-07,6.557129419783641e-09,1.8810018237827093e-07,2.1639879515983634e-07,DAT05.CSV,D:\自制软件\thesis\数据内容\对比度数据\新3\2\连续测量\l=3\DAT05.CSV
3,6,calib,5,0.185,1.85e-07,1.85e-07,109,1.85e-07,2.588916310364349e-09,1.8065295687842912e-07,1.8981146961897408e-07,DAT06.CSV,D:\自制软件\thesis\数据内容\对比度数据\新3\2\连续测量\l=3\DAT06.CSV
3,7,calib,6,0.007,7e-09,7e-09,65,7e-09,7.868425028127115e-11,6.8406656434727475e-09,7.142166483404151e-09,DAT07.CSV,D:\自制软件\thesis\数据内容\对比度数据\新3\2\连续测量\l=3\DAT07.CSV
3,8,calib,7,0.002,2e-09,2e-09,102,2e-09,2.2128919951958298e-10,1.5462633831724622e-09,2.4512560529220793e-09,DAT08.CSV,D:\自制软件\thesis\数据内容\对比度数据\新3\2\连续测量\l=3\DAT08.CSV
3,9,calib,8,0.0,0.0,1.4517156715339693e-10,100,1.4517156715339693e-10,1.1714942402752365e-11,1.2702940259122866e-10,1.7032334817775313e-10,DAT09.CSV,D:\自制软件\thesis\数据内容\对比度数据\新3\2\连续测量\l=3\DAT09.CSV
3,10,full,0,0.004,4e-09,4e-09,76,4e-09,1.5327665962086696e-10,3.777622164128133e-09,4.287611377687718e-09,DAT10.CSV,D:\自制软件\thesis\数据内容\对比度数据\新3\2\连续测量\l=3\DAT10.CSV
3,11,full,1,0.02,2e-08,2e-08,87,2e-08,9.026988424944151e-10,1.8378797253773106e-08,2.1906794444775332e-08,DAT11.CSV,D:\自制软件\thesis\数据内容\对比度数据\新3\2\连续测量\l=3\DAT11.CSV
3,12,full,2,0.003,3e-09,3e-09,81,3e-09,2.964080616308986e-10,2.353408941183744e-09,3.5036380151822594e-09,DAT12.CSV,D:\自制软件\thesis\数据内容\对比度数据\新3\2\连续测量\l=3\DAT12.CSV
3,13,full,3,1.21,1.2099999999999998e-06,1.2099999999999998e-06,69,1.2099999999999998e-06,3.302579564407017e-08,1.1507752428098984e-06,1.269123000669383e-06,DAT13.CSV,D:\自制软件\thesis\数据内容\对比度数据\新3\2\连续测量\l=3\DAT13.CSV
3,14,full,4,0.005,5e-09,5e-09,89,5e-09,1.630846977857534e-10,4.633670473180167e-09,5.28119386034577e-09,DAT14.CSV,D:\自制软件\thesis\数据内容\对比度数据\新3\2\连续测量\l=3\DAT14.CSV
3,15,full,5,0.001,1e-09,1e-09,94,1e-09,7.238026177345592e-11,8.653645481393329e-10,1.0932103165164068e-09,DAT15.CSV,D:\自制软件\thesis\数据内容\对比度数据\新3\2\连续测量\l=3\DAT15.CSV
3,16,full,6,0.001,1e-09,1e-09,71,1e-09,1.1682740408671567e-10,7.829522564072623e-10,1.1921704428175616e-09,DAT16.CSV,D:\自制软件\thesis\数据内容\对比度数据\新3\2\连续测量\l=3\DAT16.CSV
3,17,full,7,0.007,7e-09,7e-09,110,7.000000000000001e-09,1.2881606509561455e-10,6.67961511589453e-09,7.1491885141510615e-09,DAT17.CSV,D:\自制软件\thesis\数据内容\对比度数据\新3\2\连续测量\l=3\DAT17.CSV
3,18,full,8,0.007,7e-09,7e-09,87,7e-09,2.6994083075360106e-10,6.404436533437786e-09,7.627203544584851e-09,DAT18.CSV,D:\自制软件\thesis\数据内容\对比度数据\新3\2\连续测量\l=3\DAT18.CSV
4,1,calib,0,0.0,0.0,2.0983657152146336e-10,104,2.0983657152146336e-10,1.2413469730853957e-11,1.89480378300277e-10,2.397403990026816e-10,DAT01.CSV,D:\自制软件\thesis\数据内容\对比度数据\新3\2\连续测量\l=4\DAT01.CSV
4,2,calib,1,0.008,8e-09,8e-09,97,8e-09,1.8957168547813677e-10,7.625058380264912e-09,8.367661836924948e-09,DAT02.CSV,D:\自制软件\thesis\数据内容\对比度数据\新3\2\连续测量\l=4\DAT02.CSV
4,3,calib,2,0.334,3.34e-07,3.34e-07,93,3.34e-07,1.0207954991692175e-09,3.325019074510115e-07,3.3613366031837255e-07,DAT03.CSV,D:\自制软件\thesis\数据内容\对比度数据\新3\2\连续测量\l=4\DAT03.CSV
4,4,calib,3,0.601,6.009999999999999e-07,6.009999999999999e-07,70,6.009999999999999e-07,3.944946187560666e-09,5.941541160035326e-07,6.082359614153486e-07,DAT04.CSV,D:\自制软件\thesis\数据内容\对比度数据\新3\2\连续测量\l=4\DAT04.CSV
4,5,calib,4,38.4,3.84e-05,3.84e-05,82,3.84e-05,3.800484231605687e-07,3.787606267783003e-05,3.927465826749559e-05,DAT05.CSV,D:\自制软件\thesis\数据内容\对比度数据\新3\2\连续测量\l=4\DAT05.CSV
4,6,calib,5,0.102,1.0199999999999999e-07,1.0199999999999999e-07,82,1.02e-07,1.5803606908485517e-09,9.868073413527175e-08,1.0469812532170917e-07,DAT06.CSV,D:\自制软件\thesis\数据内容\对比度数据\新3\2\连续测量\l=4\DAT06.CSV
4,7,calib,6,0.26,2.6e-07,2.6e-07,109,2.6e-07,4.9275460558696385e-09,2.4882068990392226e-07,2.6862414859295455e-07,DAT07.CSV,D:\自制软件\thesis\数据内容\对比度数据\新3\2\连续测量\l=4\DAT07.CSV
4,8,calib,7,0.006,6e-09,6e-09,110,6e-09,1.731548708411729e-10,5.621532683235693e-09,6.3048340690003396e-09,DAT08.CSV,D:\自制软件\thesis\数据内容\对比度数据\新3\2\连续测量\l=4\DAT08.CSV
4,9,calib,8,0.004,4e-09,4e-09,83,4e-09,3.673821156609114e-10,3.1941697308250086e-09,4.635542955544107e-09,DAT09.CSV,D:\自制软件\thesis\数据内容\对比度数据\新3\2\连续测量\l=4\DAT09.CSV
4,10,full,0,0.024,2.4e-08,2.4e-08,92,2.4e-08,9.469216624809961e-10,2.1990689403663148e-08,2.577122147711063e-08,DAT10.CSV,D:\自制软件\thesis\数据内容\对比度数据\新3\2\连续测量\l=4\DAT10.CSV
4,11,full,1,0.01,1e-08,1e-08,100,1e-08,3.899697108657277e-10,9.272410319372804e-09,1.0778765695297786e-08,DAT11.CSV,D:\自制软件\thesis\数据内容\对比度数据\新3\2\连续测量\l=4\DAT11.CSV
4,12,full,2,0.025,2.5e-08,2.5e-08,101,2.5e-08,1.0143903710007242e-09,2.297323135172304e-08,2.7015339049162645e-08,DAT12.CSV,D:\自制软件\thesis\数据内容\对比度数据\新3\2\连续测量\l=4\DAT12.CSV
4,13,full,3,0.001,1e-09,1e-09,104,1e-09,4.7791840822608494e-11,9.031446713629621e-10,1.09506250864282e-09,DAT13.CSV,D:\自制软件\thesis\数据内容\对比度数据\新3\2\连续测量\l=4\DAT13.CSV
4,14,full,4,0.963,9.63e-07,9.63e-07,60,9.63e-07,1.1468115410564474e-08,9.461394836049032e-07,9.82541509924387e-07,DAT14.CSV,D:\自制软件\thesis\数据内容\对比度数据\新3\2\连续测量\l=4\DAT14.CSV
4,15,full,5,0.007,7e-09,7e-09,69,7e-09,2.568912898252202e-10,6.5779831350587555e-09,7.552380744630456e-09,DAT15.CSV,D:\自制软件\thesis\数据内容\对比度数据\新3\2\连续测量\l=4\DAT15.CSV
4,16,full,6,0.002,2e-09,2e-09,99,2e-09,1.6623031687745053e-10,1.6807771037802828e-09,2.311227902057463e-09,DAT16.CSV,D:\自制软件\thesis\数据内容\对比度数据\新3\2\连续测量\l=4\DAT16.CSV
4,17,full,7,0.001,1e-09,1e-09,76,1e-09,8.407389408339914e-11,8.338548367047944e-10,1.1510156058515036e-09,DAT17.CSV,D:\自制软件\thesis\数据内容\对比度数据\新3\2\连续测量\l=4\DAT17.CSV
4,18,full,8,0.008,8e-09,8e-09,74,8e-09,3.163240596191603e-10,7.328534695949073e-09,8.55396654327951e-09,DAT18.CSV,D:\自制软件\thesis\数据内容\对比度数据\新3\2\连续测量\l=4\DAT18.CSV
5,1,calib,0,0.0,0.0,1.142553360213453e-10,99,1.142553360213453e-10,6.798662613789077e-12,1.0128366019941008e-10,1.2845066827870972e-10,DAT01.CSV,D:\自制软件\thesis\数据内容\对比度数据\新3\2\连续测量\l=5\DAT01.CSV
5,2,calib,1,0.001,1e-09,1e-09,89,1e-09,5.883468325206884e-11,8.899436968318568e-10,1.124046108383965e-09,DAT02.CSV,D:\自制软件\thesis\数据内容\对比度数据\新3\2\连续测量\l=5\DAT02.CSV
5,3,calib,2,0.016,1.6e-08,1.6e-08,88,1.6e-08,7.436507960645602e-10,1.4640820013553266e-08,1.7695882077703127e-08,DAT03.CSV,D:\自制软件\thesis\数据内容\对比度数据\新3\2\连续测量\l=5\DAT03.CSV
5,4,calib,3,0.422,4.2199999999999994e-07,4.2199999999999994e-07,102,4.2199999999999994e-07,1.3674404262086963e-08,3.9560145757198617e-07,4.4766041000105983e-07,DAT04.CSV,D:\自制软件\thesis\数据内容\对比度数据\新3\2\连续测量\l=5\DAT04.CSV
5,5,calib,4,0.401,4.01e-07,4.01e-07,69,4.01e-07,5.940475004330757e-09,3.8887034865490073e-07,4.1307750825591227e-07,DAT05.CSV,D:\自制软件\thesis\数据内容\对比度数据\新3\2\连续测量\l=5\DAT05.CSV
5,6,calib,5,31.5,3.15e-05,3.15e-05,73,3.15e-05,1.1903680939073233e-06,2.9332084686653448e-05,3.3248828585827335e-05,DAT06.CSV,D:\自制软件\thesis\数据内容\对比度数据\新3\2\连续测量\l=5\DAT06.CSV
5,7,calib,6,0.177,1.7699999999999998e-07,1.7699999999999998e-07,82,1.7699999999999998e-07,3.205373155249973e-09,1.7044691904001597e-07,1.8281808168961615e-07,DAT07.CSV,D:\自制软件\thesis\数据内容\对比度数据\新3\2\连续测量\l=5\DAT07.CSV
5,8,calib,7,0.292,2.9199999999999997e-07,2.9199999999999997e-07,108,2.9199999999999997e-07,3.419306898029384e-09,2.8538736806335274e-07,2.985103514641077e-07,DAT08.CSV,D:\自制软件\thesis\数据内容\对比度数据\新3\2\连续测量\l=5\DAT08.CSV
5,9,calib,8,0.011,1.1e-08,1.1e-08,108,1.1e-08,1.932361831918308e-10,1.0607150096068364e-08,1.1342792559197787e-08,DAT09.CSV,D:\自制软件\thesis\数据内容\对比度数据\新3\2\连续测量\l=5\DAT09.CSV
5,10,full,0,0.024,2.4e-08,2.4e-08,100,2.4e-08,3.971724962489181e-10,2.2998721990452003e-08,2.4807449925093107e-08,DAT10.CSV,D:\自制软件\thesis\数据内容\对比度数据\新3\2\连续测量\l=5\DAT10.CSV
5,11,full,1,0.033,3.3e-08,3.3e-08,67,3.3e-08,6.624262120498718e-10,3.181137753536533e-08,3.390278200064247e-08,DAT11.CSV,D:\自制软件\thesis\数据内容\对比度数据\新3\2\连续测量\l=5\DAT11.CSV
5,12,full,2,0.009,9e-09,9e-09,96,9e-09,1.1296518414046946e-10,8.766679666598929e-09,9.272248907375961e-09,DAT12.CSV,D:\自制软件\thesis\数据内容\对比度数据\新3\2\连续测量\l=5\DAT12.CSV
5,13,full,3,0.028,2.8e-08,2.8e-08,73,2.8e-08,3.751101579571009e-10,2.716234919603666e-08,2.8550403848872697e-08,DAT13.CSV,D:\自制软件\thesis\数据内容\对比度数据\新3\2\连续测量\l=5\DAT13.CSV
5,14,full,4,0.001,1e-09,1e-09,74,1e-09,6.750332152975008e-11,8.789392642855589e-10,1.16330367474378e-09,DAT14.CSV,D:\自制软件\thesis\数据内容\对比度数据\新3\2\连续测量\l=5\DAT14.CSV
5,15,full,5,0.706,7.059999999999999e-07,7.059999999999999e-07,83,7.059999999999999e-07,1.602860427102629e-08,6.722250564831971e-07,7.31204283605329e-07,DAT15.CSV,D:\自制软件\thesis\数据内容\对比度数据\新3\2\连续测量\l=5\DAT15.CSV
5,16,full,6,0.006,6e-09,6e-09,110,6e-09,7.005487124170731e-11,5.843598385642826e-09,6.113371548313827e-09,DAT16.CSV,D:\自制软件\thesis\数据内容\对比度数据\新3\2\连续测量\l=5\DAT16.CSV
5,17,full,7,0.003,3e-09,3e-09,83,2.9999999999999996e-09,9.933522738545638e-11,2.764098909901855e-09,3.1818293395370857e-09,DAT17.CSV,D:\自制软件\thesis\数据内容\对比度数据\新3\2\连续测量\l=5\DAT17.CSV
5,18,full,8,0.0,0.0,4.650814964344943e-11,92,4.650814964344943e-11,5.038340367732565e-12,3.531229320245168e-11,5.678932817082071e-11,DAT18.CSV,D:\自制软件\thesis\数据内容\对比度数据\新3\2\连续测量\l=5\DAT18.CSV
6,1,calib,0,0.0,0.0,3.5856409940021445e-11,69,3.5856409940021445e-11,4.684198377310744e-12,2.6721033254485212e-11,4.3860395419118845e-11,DAT01.CSV,D:\自制软件\thesis\数据内容\对比度数据\新3\2\连续测量\l=6\DAT01.CSV
6,2,calib,1,0.001,1e-09,1e-09,76,1e-09,9.025114069992004e-11,8.549573262897447e-10,1.193134590629975e-09,DAT02.CSV,D:\自制软件\thesis\数据内容\对比度数据\新3\2\连续测量\l=6\DAT02.CSV
6,3,calib,2,0.002,2e-09,2e-09,82,2e-09,1.14606797008232e-10,1.8176688443706855e-09,2.276664999631128e-09,DAT03.CSV,D:\自制软件\thesis\数据内容\对比度数据\新3\2\连续测量\l=6\DAT03.CSV
6,4,calib,3,0.02,2e-08,2e-08,63,2e-08,1.091063154896595e-09,1.7873854857050434e-08,2.2215335001696354e-08,DAT04.CSV,D:\自制软件\thesis\数据内容\对比度数据\新3\2\连续测量\l=6\DAT04.CSV
6,5,calib,4,0.572,5.719999999999999e-07,5.719999999999999e-07,102,5.719999999999999e-07,1.4237982363983449e-08,5.506232648022261e-07,6.001580836987086e-07,DAT05.CSV,D:\自制软件\thesis\数据内容\对比度数据\新3\2\连续测量\l=6\DAT05.CSV
6,6,calib,5,0.043,4.2999999999999995e-08,4.2999999999999995e-08,100,4.2999999999999995e-08,1.6365680210129996e-09,4.035114746774148e-08,4.605658449904482e-08,DAT06.CSV,D:\自制软件\thesis\数据内容\对比度数据\新3\2\连续测量\l=6\DAT06.CSV
6,7,calib,6,24.9,2.49e-05,2.49e-05,71,2.49e-05,2.1682140897539299e-07,2.4391185185387418e-05,2.5314265975510356e-05,DAT07.CSV,D:\自制软件\thesis\数据内容\对比度数据\新3\2\连续测量\l=6\DAT07.CSV
6,8,calib,7,0.175,1.75e-07,1.75e-07,97,1.75e-07,1.0858791145169373e-09,1.732737920265987e-07,1.7696582581791614e-07,DAT08.CSV,D:\自制软件\thesis\数据内容\对比度数据\新3\2\连续测量\l=6\DAT08.CSV
6,9,calib,8,0.326,3.26e-07,3.26e-07,66,3.26e-07,3.754411561225327e-09,3.1956532559590047e-07,3.326066986680629e-07,DAT09.CSV,D:\自制软件\thesis\数据内容\对比度数据\新3\2\连续测量\l=6\DAT09.CSV
6,10,full,0,0.003,3e-09,3e-09,109,3e-09,2.1886599869832714e-10,2.6328632056917782e-09,3.391445202883576e-09,DAT10.CSV,D:\自制软件\thesis\数据内容\对比度数据\新3\2\连续测量\l=6\DAT10.CSV
6,11,full,1,0.04,4e-08,4e-08,97,4e-08,8.268620915578454e-10,3.8496734377848036e-08,4.169898182220774e-08,DAT11.CSV,D:\自制软件\thesis\数据内容\对比度数据\新3\2\连续测量\l=6\DAT11.CSV
6,12,full,2,0.028,2.8e-08,2.8e-08,98,2.8e-08,5.902018114734166e-10,2.6626329038158304e-08,2.884247593290702e-08,DAT12.CSV,D:\自制软件\thesis\数据内容\对比度数据\新3\2\连续测量\l=6\DAT12.CSV
6,13,full,3,0.011,1.1e-08,1.1e-08,84,1.1e-08,5.006826670395494e-10,1.0106114569103866e-08,1.1944824739282982e-08,DAT13.CSV,D:\自制软件\thesis\数据内容\对比度数据\新3\2\连续测量\l=6\DAT13.CSV
6,14,full,4,0.03,3e-08,3e-08,75,3e-08,1.0177316369950086e-09,2.8045606148816342e-08,3.2202530106983626e-08,DAT14.CSV,D:\自制软件\thesis\数据内容\对比度数据\新3\2\连续测量\l=6\DAT14.CSV
6,15,full,5,0.005,5e-09,5e-09,63,5e-09,8.14119760268524e-11,4.798772962032571e-09,5.108179128807928e-09,DAT15.CSV,D:\自制软件\thesis\数据内容\对比度数据\新3\2\连续测量\l=6\DAT15.CSV
6,16,full,6,0.531,5.31e-07,5.31e-07,95,5.31e-07,5.06218075489587e-09,5.22526124328326e-07,5.416770998404807e-07,DAT16.CSV,D:\自制软件\thesis\数据内容\对比度数据\新3\2\连续测量\l=6\DAT16.CSV
6,17,full,7,0.002,2e-09,2e-09,75,2e-09,1.5060095870346893e-10,1.7428372717680427e-09,2.2257672799868347e-09,DAT17.CSV,D:\自制软件\thesis\数据内容\对比度数据\新3\2\连续测量\l=6\DAT17.CSV
6,18,full,8,0.004,4e-09,4e-09,99,4e-09,2.2342585474838354e-10,3.692453679812555e-09,4.419812925503244e-09,DAT18.CSV,D:\自制软件\thesis\数据内容\对比度数据\新3\2\连续测量\l=6\DAT18.CSV
7,1,calib,0,0.0,0.0,1.1639439239482984e-10,64,1.1639439239482984e-10,7.449686402824495e-12,1.0101110107460258e-10,1.2749573083939365e-10,DAT01.CSV,D:\自制软件\thesis\数据内容\对比度数据\新3\2\连续测量\l=7\DAT01.CSV
7,2,calib,1,0.0,0.0,2.0229001073307961e-10,88,2.0229001073307961e-10,2.2631015725835977e-11,1.672148362138365e-10,2.5266218379534306e-10,DAT02.CSV,D:\自制软件\thesis\数据内容\对比度数据\新3\2\连续测量\l=7\DAT02.CSV
7,3,calib,2,0.001,1e-09,1e-09,96,1e-09,1.0676219677549193e-10,8.133801868889544e-10,1.1920513485871117e-09,DAT03.CSV,D:\自制软件\thesis\数据内容\对比度数据\新3\2\连续测量\l=7\DAT03.CSV
7,4,calib,3,0.002,2e-09,2e-09,64,2e-09,7.341008458364502e-11,1.860343401215547e-09,2.1310592368128353e-09,DAT04.CSV,D:\自制软件\thesis\数据内容\对比度数据\新3\2\连续测量\l=7\DAT04.CSV
7,5,calib,4,0.016,1.6e-08,1.6e-08,92,1.6e-08,4.195784569267254e-10,1.5209263735266995e-08,1.6642906657442286e-08,DAT05.CSV,D:\自制软件\thesis\数据内容\对比度数据\新3\2\连续测量\l=7\DAT05.CSV
7,6,calib,5,0.619,6.189999999999999e-07,6.189999999999999e-07,77,6.189999999999999e-07,1.61706315068811e-08,5.898124720131973e-07,6.523804367397302e-07,DAT06.CSV,D:\自制软件\thesis\数据内容\对比度数据\新3\2\连续测量\l=7\DAT06.CSV
7,7,calib,6,0.122,1.2199999999999998e-07,1.2199999999999998e-07,99,1.2199999999999998e-07,2.868325907215636e-09,1.1694295032555776e-07,1.269858543827492e-07,DAT07.CSV,D:\自制软件\thesis\数据内容\对比度数据\新3\2\连续测量\l=7\DAT07.CSV
7,8,calib,7,18.6,1.86e-05,1.86e-05,93,1.86e-05,4.035884403691622e-07,1.7672022389653584e-05,1.939984582689997e-05,DAT08.CSV,D:\自制软件\thesis\数据内容\对比度数据\新3\2\连续测量\l=7\DAT08.CSV
7,9,calib,8,0.103,1.03e-07,1.03e-07,93,1.03e-07,3.342473233792354e-10,1.0229093025295446e-07,1.0365778360087328e-07,DAT09.CSV,D:\自制软件\thesis\数据内容\对比度数据\新3\2\连续测量\l=7\DAT09.CSV
7,10,full,0,0.003,3e-09,3e-09,74,3e-09,1.1309283147928146e-10,2.8089532019193854e-09,3.2049120642155257e-09,DAT10.CSV,D:\自制软件\thesis\数据内容\对比度数据\新3\2\连续测量\l=7\DAT10.CSV
7,11,full,1,0.006,6e-09,6e-09,91,5.999999999999999e-09,6.295004076519132e-11,5.860832764128846e-09,6.1083361548933735e-09,DAT11.CSV,D:\自制软件\thesis\数据内容\对比度数据\新3\2\连续测量\l=7\DAT11.CSV
7,12,full,2,0.034,3.4e-08,3.4e-08,77,3.4e-08,9.201924635537368e-10,3.230484159412317e-08,3.6548228998547836e-08,DAT12.CSV,D:\自制软件\thesis\数据内容\对比度数据\新3\2\连续测量\l=7\DAT12.CSV
7,13,full,3,0.021,2.1e-08,2.1e-08,76,2.1e-08,6.033907061189507e-10,1.960589144354523e-08,2.209864007761919e-08,DAT13.CSV,D:\自制软件\thesis\数据内容\对比度数据\新3\2\连续测量\l=7\DAT13.CSV
7,14,full,4,0.009,9e-09,9e-09,107,9e-09,3.030796028273836e-10,8.366304817571447e-09,9.625448799935577e-09,DAT14.CSV,D:\自制软件\thesis\数据内容\对比度数据\新3\2\连续测量\l=7\DAT14.CSV
7,15,full,5,0.028,2.8e-08,2.8e-08,70,2.8e-08,7.097453537941173e-10,2.6971210260799404e-08,2.9627059973283665e-08,DAT15.CSV,D:\自制软件\thesis\数据内容\对比度数据\新3\2\连续测量\l=7\DAT15.CSV
7,16,full,6,0.003,3e-09,3e-09,108,3e-09,3.349566628133037e-10,2.4226168892270742e-09,3.65103926784399e-09,DAT16.CSV,D:\自制软件\thesis\数据内容\对比度数据\新3\2\连续测量\l=7\DAT16.CSV
7,17,full,7,0.367,3.67e-07,3.67e-07,98,3.67e-07,1.0992895965621194e-09,3.6472466421881405e-07,3.691635244575804e-07,DAT17.CSV,D:\自制软件\thesis\数据内容\对比度数据\新3\2\连续测量\l=7\DAT17.CSV
7,18,full,8,0.002,2e-09,2e-09,61,2e-09,1.0275999193766496e-10,1.804747383921018e-09,2.15427092113284e-09,DAT18.CSV,D:\自制软件\thesis\数据内容\对比度数据\新3\2\连续测量\l=7\DAT18.CSV
8,1,calib,0,0.0,0.0,1.4799385416917388e-10,86,1.4799385416917388e-10,9.357448768188365e-12,1.3067476768003662e-10,1.6687567728966588e-10,DAT01.CSV,D:\自制软件\thesis\数据内容\对比度数据\新3\2\连续测量\l=8\DAT01.CSV
8,2,calib,1,0.0,0.0,1.5865234711278882e-10,105,1.5865234711278882e-10,1.3392160225187024e-11,1.3157585012437187e-10,1.8659464574617604e-10,DAT02.CSV,D:\自制软件\thesis\数据内容\对比度数据\新3\2\连续测量\l=8\DAT02.CSV
8,3,calib,2,0.0,0.0,2.86013178471234e-10,102,2.86013178471234e-10,2.7703483528487392e-11,2.338146946164745e-10,3.395930608196004e-10,DAT03.CSV,D:\自制软件\thesis\数据内容\对比度数据\新3\2\连续测量\l=8\DAT03.CSV
8,4,calib,3,0.001,1e-09,1e-09,93,1e-09,4.304193759763884e-11,9.183480651227979e-10,1.0756928094550722e-09,DAT04.CSV,D:\自制软件\thesis\数据内容\对比度数据\新3\2\连续测量\l=8\DAT04.CSV
8,5,calib,4,0.003,3e-09,3e-09,97,3e-09,2.398074221266572e-10,2.5430951559621025e-09,3.524778597271282e-09,DAT05.CSV,D:\自制软件\thesis\数据内容\对比度数据\新3\2\连续测量\l=8\DAT05.CSV
8,6,calib,5,0.026,2.5999999999999998e-08,2.5999999999999998e-08,109,2.5999999999999998e-08,6.007881172628336e-10,2.4966854491685302e-08,2.717818910424034e-08,DAT06.CSV,D:\自制软件\thesis\数据内容\对比度数据\新3\2\连续测量\l=8\DAT06.CSV
8,7,calib,6,0.555,5.55e-07,5.55e-07,95,5.55e-07,4.403857350146707e-09,5.463980018629515e-07,5.626631902787538e-07,DAT07.CSV,D:\自制软件\thesis\数据内容\对比度数据\新3\2\连续测量\l=8\DAT07.CSV
8,8,calib,7,0.723,7.229999999999999e-07,7.229999999999999e-07,62,7.229999999999999e-07,1.3987320546073905e-08,6.979420089158922e-07,7.467404576020241e-07,DAT08.CSV,D:\自制软件\thesis\数据内容\对比度数据\新3\2\连续测量\l=8\DAT08.CSV
8,9,calib,8,13.3,1.33e-05,1.33e-05,103,1.3299999999999998e-05,2.756320236058933e-07,1.277170768239707e-05,1.3760778200492245e-05,DAT09.CSV,D:\自制软件\thesis\数据内容\对比度数据\新3\2\连续测量\l=8\DAT09.CSV
8,10,full,0,0.006,6e-09,6e-09,71,6e-09,1.2281236114151124e-10,5.8161904177602e-09,6.1670398346124126e-09,DAT10.CSV,D:\自制软件\thesis\数据内容\对比度数据\新3\2\连续测量\l=8\DAT10.CSV
8,11,full,1,0.005,5e-09,5e-09,105,4.999999999999999e-09,2.0792281400206681e-10,4.534974155951927e-09,5.392273067850831e-09,DAT11.CSV,D:\自制软件\thesis\数据内容\对比度数据\新3\2\连续测量\l=8\DAT11.CSV
8,12,full,2,0.004,4e-09,4e-09,90,4e-09,4.5796512316705645e-10,3.1886575649701663e-09,5.010429701856783e-09,DAT12.CSV,D:\自制软件\thesis\数据内容\对比度数据\新3\2\连续测量\l=8\DAT12.CSV
8,13,full,3,0.025,2.5e-08,2.5e-08,100,2.5e-08,1.0535415920082838e-09,2.3478289185957133e-08,2.7045010843066912e-08,DAT13.CSV,D:\自制软件\thesis\数据内容\对比度数据\新3\2\连续测量\l=8\DAT13.CSV
8,14,full,4,0.018,1.8e-08,1.8e-08,71,1.8e-08,5.696082034616741e-10,1.702531054213347e-08,1.930071635165977e-08,DAT14.CSV,D:\自制软件\thesis\数据内容\对比度数据\新3\2\连续测量\l=8\DAT14.CSV
8,15,full,5,0.006,6e-09,6e-09,71,6e-09,2.6002981057254703e-10,5.511546791877458e-09,6.553287136110039e-09,DAT15.CSV,D:\自制软件\thesis\数据内容\对比度数据\新3\2\连续测量\l=8\DAT15.CSV
8,16,full,6,0.029,2.9e-08,2.9e-08,110,2.8999999999999998e-08,1.0017356331851626e-09,2.695295103883938e-08,3.0978203838363495e-08,DAT16.CSV,D:\自制软件\thesis\数据内容\对比度数据\新3\2\连续测量\l=8\DAT16.CSV
8,17,full,7,0.004,4e-09,4e-09,86,4e-09,3.5663881443524535e-10,3.4369509550913704e-09,4.95309619144024e-09,DAT17.CSV,D:\自制软件\thesis\数据内容\对比度数据\新3\2\连续测量\l=8\DAT17.CSV
8,18,full,8,0.322,3.22e-07,3.22e-07,110,3.2199999999999995e-07,5.117291286613215e-09,3.1207000909014293e-07,3.3024680360533515e-07,DAT18.CSV,D:\自制软件\thesis\数据内容\对比度数据\新3\2\连续测量\l=8\DAT18.CSV
