Time_ms,Lambda_aligned,Power_uW,Scan_Direction
251268,794.9732851408269,12.9,Falling
251568,794.9733283932737,14.399999999999999,Falling
250968,794.9733567605513,11.8,Falling
251868,794.9734000129981,16.099999999999998,Falling
250668,794.9734283802757,11.600000000000001,Falling
252168,794.9734716327225,18.099999999999998,Falling
250368,794.9735000000001,12.6,Falling
252468,794.9735432524469,20.7,Falling
276,794.9735658901465,14.0,Rising
250068,794.9735716197245,14.0,Falling
252768,794.9736148721713,23.7,Falling
576,794.9736375098709,15.8,Rising
249768,794.9736432394488,15.6,Falling
253068,794.9736864918957,27.4,Falling
876,794.9737091295952,17.900000000000002,Rising
249454,794.973718201427,17.6,Falling
253368,794.9737581116201,32.199999999999996,Falling
1176,794.9737807493196,20.400000000000002,Rising
249154,794.9737898211514,20.0,Falling
253668,794.9738297313445,38.2,Falling
1476,794.973852369044,23.6,Rising
248854,794.9738614408758,22.900000000000002,Falling
1776,794.9739239887684,27.3,Rising
248554,794.9739330606002,26.5,Falling
2076,794.9739956084928,31.8,Rising
248254,794.9740046803246,31.0,Falling
2376,794.9740672282172,37.8,Rising
247954,794.974076300049,36.4,Falling
2676,794.9741388479416,45.599999999999994,Rising
247654,794.9741479197734,43.5,Falling
2976,794.974210467666,55.2,Rising
247354,794.9742195394978,52.7,Falling
3276,794.9742820873904,67.5,Rising
246857,794.9743381895079,74.4,Falling
246554,794.9744105254294,92.89999999999999,Falling
3825,794.974413151486,102.0,Rising
246254,794.9744821451538,116.0,Falling
4125,794.9744847712104,125.0,Rising
245954,794.9745537648782,141.0,Falling
4425,794.9745563909348,152.0,Rising
245654,794.9746253846026,166.0,Falling
4725,794.9746280106592,173.0,Rising
245354,794.974697004327,182.0,Falling
5025,794.9746996303836,183.0,Rising
245054,794.9747686240514,183.0,Falling
5325,794.974771250108,177.0,Rising
244754,794.9748402437758,170.0,Falling
5625,794.9748428698324,157.0,Rising
244454,794.9749118635002,150.0,Falling
5925,794.9749144895568,136.0,Rising
244154,794.9749834832246,125.0,Falling
6225,794.9749861092812,113.0,Rising
243854,794.975055102949,101.0,Falling
6525,794.9750577290056,91.0,Rising
6825,794.97512934873,73.39999999999999,Rising
243445,794.9751527445065,75.3,Falling
243145,794.9752243642309,60.900000000000006,Falling
7301,794.9752429853593,53.199999999999996,Rising
242845,794.9752959839553,50.300000000000004,Falling
7604,794.975315321281,43.800000000000004,Rising
242545,794.9753676036797,42.0,Falling
7904,794.9753869410054,36.5,Rising
242245,794.9754392234041,35.1,Falling
8204,794.9754585607297,31.2,Rising
241945,794.9755108431285,29.9,Falling
8504,794.9755301804541,26.7,Rising
241645,794.9755824628529,25.8,Falling
8804,794.9756018001785,23.3,Rising
241345,794.9756540825773,22.4,Falling
9104,794.9756734199029,20.5,Rising
241045,794.9757257023017,19.700000000000003,Falling
9404,794.9757450396273,18.099999999999998,Rising
240745,794.9757973220261,17.6,Falling
9704,794.9758166593517,16.2,Rising
240445,794.9758689417505,15.8,Falling
10004,794.9758882790761,14.600000000000001,Rising
240145,794.9759405614749,14.3,Falling
10304,794.9759598988005,13.4,Rising
239845,794.9760121811993,13.1,Falling
10604,794.9760315185249,12.3,Rising
239545,794.9760838009237,12.1,Falling
10904,794.9761031382493,11.399999999999999,Rising
239242,794.9761561368454,11.2,Falling
11204,794.9761747579737,10.7,Rising
238942,794.9762277565696,10.5,Falling
11504,794.9762463776981,10.1,Rising
238642,794.976299376294,9.959999999999999,Falling
11804,794.9763179974225,9.690000000000001,Rising
238342,794.9763709960184,9.56,Falling
12104,794.9763896171468,9.4,Rising
238042,794.9764426157428,9.28,Falling
12404,794.9764612368712,9.23,Rising
237742,794.9765142354672,9.14,Falling
12704,794.9765328565956,9.26,Rising
237442,794.9765858551916,9.2,Falling
13004,794.97660447632,9.47,Rising
237142,794.976657474916,9.459999999999999,Falling
13304,794.9766760960443,9.88,Rising
236842,794.9767290946404,9.9,Falling
13604,794.9767477157687,10.6,Rising
236542,794.9768007143648,10.6,Falling
13904,794.9768193354931,11.600000000000001,Rising
236242,794.9768723340892,11.7,Falling
14204,794.9768909552175,12.799999999999999,Rising
235942,794.9769439538136,12.799999999999999,Falling
14504,794.9769625749419,13.8,Rising
235642,794.977015573538,13.8,Falling
14804,794.9770341946663,14.5,Rising
235342,794.9770871932624,14.399999999999999,Falling
15104,794.9771058143907,14.399999999999999,Rising
235042,794.9771588129868,14.1,Falling
15407,794.9771781503124,13.299999999999999,Rising
234742,794.9772304327112,13.0,Falling
15707,794.9772497700368,11.7,Rising
234442,794.9773020524356,11.399999999999999,Falling
16007,794.9773213897612,10.200000000000001,Rising
234142,794.97737367216,9.860000000000001,Falling
16307,794.9773930094856,8.87,Rising
16607,794.97746462921,7.68,Rising
233684,794.9774830116058,7.95,Falling
16907,794.9775362489344,6.74,Rising
233384,794.9775546313302,6.93,Falling
233084,794.9776262510546,6.17,Falling
17425,794.9776599123251,5.62,Rising
232784,794.977697870779,5.609999999999999,Falling
17725,794.9777315320495,5.16,Rising
232484,794.9777694905034,5.1499999999999995,Falling
18025,794.9778031517739,4.76,Rising
232184,794.9778411102278,4.76,Falling
18325,794.9778747714983,4.470000000000001,Rising
231884,794.9779127299522,4.470000000000001,Falling
18625,794.9779463912226,4.23,Rising
231581,794.9779850658739,4.25,Falling
18925,794.978018010947,4.05,Rising
231281,794.9780566855983,4.05,Falling
19225,794.9780896306714,3.89,Rising
230981,794.9781283053227,3.9,Falling
19525,794.9781612503958,3.79,Rising
230681,794.978199925047,3.8,Falling
19825,794.9782328701202,3.73,Rising
230381,794.9782715447714,3.74,Falling
20125,794.9783044898446,3.69,Rising
230081,794.9783431644958,3.7,Falling
20425,794.978376109569,3.7199999999999998,Rising
229781,794.9784147842201,3.6799999999999997,Falling
20725,794.9784477292934,3.8,Rising
229481,794.9784864039445,3.73,Falling
21025,794.9785193490178,3.9099999999999997,Rising
229181,794.9785580236689,3.82,Falling
21325,794.9785909687422,4.05,Rising
228881,794.9786296433933,3.9400000000000004,Falling
21625,794.9786625884666,4.25,Rising
228581,794.9787012631177,4.13,Falling
21925,794.978734208191,4.5600000000000005,Rising
228281,794.9787728828421,4.43,Falling
22225,794.9788058279154,4.989999999999999,Rising
227981,794.9788445025665,4.819999999999999,Falling
22525,794.9788774476398,5.51,Rising
227681,794.9789161222909,5.38,Falling
22825,794.9789490673642,6.25,Rising
23128,794.9790214032857,7.1899999999999995,Rising
227190,794.9790333399066,6.75,Falling
226890,794.979104959631,7.78,Falling
23650,794.9791460216062,9.5,Rising
226590,794.9791765793553,8.940000000000001,Falling
23950,794.9792176413306,11.1,Rising
226290,794.9792481990797,10.200000000000001,Falling
24250,794.979289261055,12.5,Rising
225990,794.9793198188041,11.399999999999999,Falling
24550,794.9793608807794,12.9,Rising
225690,794.9793914385285,12.1,Falling
24850,794.9794325005038,12.4,Rising
225390,794.9794630582529,11.8,Falling
25150,794.9795041202282,11.3,Rising
225090,794.9795346779773,10.7,Falling
25450,794.9795757399526,9.73,Rising
224790,794.9796062977017,9.38,Falling
25750,794.979647359677,8.17,Rising
26050,794.9797189794014,6.84,Rising
224223,794.9797416589807,6.79,Falling
223920,794.9798139949024,5.8100000000000005,Falling
26518,794.9798307061714,5.35,Rising
223620,794.9798856146268,5.1000000000000005,Falling
26818,794.9799023258958,4.72,Rising
223320,794.9799572343512,4.48,Falling
27118,794.9799739456201,4.07,Rising
223020,794.9800288540756,3.9899999999999998,Falling
27418,794.9800455653445,3.66,Rising
222720,794.9801004738,3.6399999999999997,Falling
27718,794.9801171850689,3.39,Rising
222420,794.9801720935243,3.36,Falling
28018,794.9801888047933,3.1599999999999997,Rising
222120,794.9802437132487,3.11,Falling
28318,794.9802604245177,2.99,Rising
221820,794.9803153329731,2.9299999999999997,Falling
28618,794.9803320442421,2.8600000000000003,Rising
221520,794.9803869526975,2.79,Falling
28918,794.9804036639665,2.7800000000000002,Rising
221220,794.9804585724219,2.67,Falling
29218,794.9804752836909,2.69,Rising
220920,794.9805301921463,2.58,Falling
29518,794.9805469034153,2.61,Rising
220620,794.9806018118707,2.52,Falling
29818,794.9806185231397,2.56,Rising
220320,794.980673431595,2.48,Falling
30118,794.9806901428641,2.53,Rising
220020,794.9807450513194,2.46,Falling
30418,794.9807617625885,2.52,Rising
219720,794.9808166710438,2.46,Falling
30718,794.9808333823129,2.54,Rising
219420,794.9808882907682,2.48,Falling
31018,794.9809050020373,2.5900000000000003,Rising
219106,794.9809632527465,2.53,Falling
31323,794.9809778154238,2.66,Rising
218806,794.9810348724709,2.6,Falling
31623,794.9810494351482,2.76,Rising
218506,794.9811064921952,2.7199999999999998,Falling
31923,794.9811210548726,2.9299999999999997,Rising
218206,794.9811781119196,2.9000000000000004,Falling
32223,794.981192674597,3.17,Rising
217906,794.981249731644,3.14,Falling
32523,794.9812642943214,3.5,Rising
217606,794.9813213513684,3.48,Falling
32838,794.9813394950319,3.9600000000000004,Rising
217306,794.9813929710928,3.9600000000000004,Falling
33141,794.9814118309536,4.470000000000001,Rising
217006,794.9814645908172,4.58,Falling
33441,794.981483450678,5.2,Rising
216704,794.9815366880064,5.34,Falling
33741,794.9815550704024,5.99,Rising
216404,794.9816083077308,6.14,Falling
34041,794.9816266901267,6.79,Rising
216104,794.9816799274552,6.88,Falling
34341,794.9816983098511,7.21,Rising
215804,794.9817515471796,7.21,Falling
34641,794.9817699295755,7.07,Rising
215504,794.981823166904,7.04,Falling
34941,794.9818415492999,6.4799999999999995,Rising
215204,794.9818947866283,6.3999999999999995,Falling
35241,794.9819131690243,5.779999999999999,Rising
214904,794.9819664063527,5.67,Falling
35541,794.9819847887487,4.9799999999999995,Rising
214604,794.9820380260771,4.95,Falling
35841,794.9820564084731,4.27,Rising
214304,794.9821096458015,4.26,Falling
36141,794.9821280281975,3.7199999999999998,Rising
214004,794.9821812655259,3.71,Falling
36441,794.9821996479219,3.32,Rising
213704,794.9822528852503,3.32,Falling
36741,794.9822712676463,3.0,Rising
213404,794.9823245049747,3.0,Falling
37041,794.9823428873707,2.76,Rising
213104,794.9823961246991,2.75,Falling
37341,794.9824145070951,2.57,Rising
212804,794.9824677444235,2.57,Falling
37641,794.9824861268195,2.44,Rising
212504,794.9825393641479,2.43,Falling
37941,794.9825577465439,2.33,Rising
212204,794.9826109838723,2.32,Falling
38241,794.9826293662682,2.23,Rising
211904,794.9826826035967,2.24,Falling
38541,794.9827009859926,2.16,Rising
211604,794.9827542233211,2.1799999999999997,Falling
38841,794.982772605717,2.13,Rising
211304,794.9828258430455,2.1399999999999997,Falling
39144,794.9828449416386,2.0999999999999996,Rising
211004,794.9828974627699,2.0999999999999996,Falling
39444,794.982916561363,2.09,Rising
210704,794.9829690824943,2.08,Falling
39744,794.9829881810874,2.09,Rising
210404,794.9830407022187,2.08,Falling
40044,794.9830598008118,2.1100000000000003,Rising
210104,794.983112321943,2.08,Falling
40344,794.9831314205362,2.1100000000000003,Rising
209804,794.9831839416674,2.0999999999999996,Falling
40644,794.9832030402606,2.1399999999999997,Rising
209504,794.9832555613918,2.13,Falling
40944,794.983274659985,2.1900000000000004,Rising
209201,794.9833278973134,2.1900000000000004,Falling
41244,794.9833462797094,2.25,Rising
208901,794.9833995170378,2.24,Falling
41544,794.9834178994338,2.33,Rising
208601,794.9834711367622,2.31,Falling
41844,794.9834895191582,2.42,Rising
208301,794.9835427564866,2.4099999999999997,Falling
42144,794.9835611388826,2.54,Rising
208001,794.983614376211,2.53,Falling
42444,794.983632758607,2.69,Rising
207701,794.9836859959354,2.66,Falling
42744,794.9837043783314,2.88,Rising
207401,794.9837576156598,2.83,Falling
43044,794.9837759980558,3.12,Rising
207101,794.9838292353842,3.05,Falling
43344,794.9838476177802,3.37,Rising
206801,794.9839008551086,3.29,Falling
43644,794.9839192375046,3.5599999999999996,Rising
206501,794.983972474833,3.49,Falling
43944,794.983990857229,3.6799999999999997,Rising
206201,794.9840440945574,3.63,Falling
44244,794.9840624769532,3.75,Rising
205901,794.9841157142818,3.7,Falling
44544,794.9841340966776,3.74,Rising
205601,794.9841873340062,3.67,Falling
44844,794.984205716402,3.6799999999999997,Rising
205301,794.9842589537305,3.6100000000000003,Falling
45144,794.9842773361264,3.6500000000000004,Rising
205001,794.9843305734549,3.5999999999999996,Falling
45444,794.9843489558508,3.6799999999999997,Rising
204701,794.9844021931793,3.62,Falling
45744,794.9844205755752,3.73,Rising
204401,794.9844738129037,3.67,Falling
46044,794.9844921952996,3.82,Rising
204101,794.9845454326281,3.76,Falling
46344,794.984563815024,3.95,Rising
203801,794.9846170523525,3.9099999999999997,Falling
46647,794.9846361509457,4.140000000000001,Rising
203501,794.9846886720769,4.08,Falling
46947,794.9847077706701,4.359999999999999,Rising
203201,794.9847602918013,4.300000000000001,Falling
47247,794.9847793903945,4.61,Rising
202901,794.9848319115257,4.55,Falling
47547,794.9848510101189,4.930000000000001,Rising
202601,794.9849035312501,4.86,Falling
47847,794.9849226298433,5.28,Rising
202301,794.9849751509745,5.22,Falling
48147,794.9849942495676,5.720000000000001,Rising
201998,794.9850474868961,5.66,Falling
48447,794.985065869292,6.2299999999999995,Rising
48747,794.9851374890164,6.81,Rising
201369,794.9851976495848,6.83,Falling
49047,794.9852091087408,7.48,Rising
201069,794.9852692693092,7.57,Falling
200769,794.9853408890336,8.42,Falling
49681,794.9853604650916,9.48,Rising
200469,794.985412508758,9.45,Falling
49981,794.985432084816,10.7,Rising
200169,794.9854841284824,10.7,Falling
50281,794.9855037045404,12.2,Rising
199869,794.9855557482068,12.3,Falling
50581,794.9855753242648,14.2,Rising
199569,794.9856273679312,14.2,Falling
50881,794.9856469439892,16.6,Rising
199269,794.9856989876556,16.6,Falling
51181,794.9857185637136,19.599999999999998,Rising
198969,794.98577060738,19.8,Falling
51481,794.985790183438,23.6,Rising
198669,794.9858422271044,23.8,Falling
51781,794.9858618031624,28.6,Rising
198369,794.9859138468288,29.0,Falling
52081,794.9859334228868,35.1,Rising
198069,794.9859854665532,35.800000000000004,Falling
52381,794.9860050426112,43.6,Rising
197769,794.9860570862776,44.4,Falling
52681,794.9860766623356,54.1,Rising
197469,794.986128706002,55.4,Falling
52981,794.98614828206,65.7,Rising
53281,794.9862199017844,77.10000000000001,Rising
196842,794.9862783912259,79.6,Falling
53790,794.9863414165834,85.2,Rising
196542,794.9863500109503,85.0,Falling
54090,794.9864130363078,79.9,Rising
196027,794.9864729581438,77.0,Falling
195727,794.9865445778682,65.6,Falling
54736,794.9865672574476,55.099999999999994,Rising
195427,794.9866161975926,53.5,Falling
55036,794.986638877172,44.7,Rising
195127,794.986687817317,43.099999999999994,Falling
55339,794.9867112130937,36.1,Rising
194827,794.9867594370414,34.8,Falling
55639,794.9867828328181,29.200000000000003,Rising
194527,794.9868310567658,28.4,Falling
55939,794.9868544525425,24.1,Rising
194227,794.9869026764902,23.4,Falling
56239,794.9869260722669,20.1,Rising
193924,794.9869750124119,19.5,Falling
56539,794.9869976919913,16.900000000000002,Rising
193624,794.9870466321363,16.5,Falling
56839,794.9870693117157,14.5,Rising
193324,794.9871182518607,14.0,Falling
57139,794.9871409314401,12.6,Rising
193024,794.9871898715851,12.2,Falling
57439,794.9872125511645,11.0,Rising
192724,794.9872614913095,10.7,Falling
57739,794.9872841708889,9.71,Rising
192424,794.9873331110339,9.5,Falling
58039,794.9873557906133,8.68,Rising
58339,794.9874274103375,7.829999999999999,Rising
191815,794.9874784990743,7.64,Falling
58639,794.9874990300619,7.140000000000001,Rising
191515,794.9875501187987,6.98,Falling
59074,794.9876028786624,6.319999999999999,Rising
191215,794.9876217385231,6.409999999999999,Falling
59374,794.9876744983867,5.87,Rising
190915,794.9876933582475,5.95,Falling
59674,794.9877461181111,5.49,Rising
190615,794.9877649779719,5.55,Falling
59974,794.9878177378355,5.180000000000001,Rising
190315,794.9878365976963,5.22,Falling
60274,794.9878893575599,4.94,Rising
190015,794.9879082174207,4.96,Falling
60574,794.9879609772843,4.74,Rising
189715,794.9879798371451,4.76,Falling
60874,794.9880325970087,4.61,Rising
189415,794.9880514568695,4.61,Falling
61174,794.9881042167331,4.52,Rising
189115,794.9881230765939,4.5,Falling
61474,794.9881758364575,4.5,Rising
188815,794.9881946963183,4.46,Falling
61774,794.9882474561819,4.5600000000000005,Rising
188502,794.9882694195641,4.5,Falling
62074,794.9883190759062,4.68,Rising
188202,794.9883410392885,4.6,Falling
62374,794.9883906956306,4.88,Rising
187902,794.9884126590129,4.79,Falling
62674,794.988462315355,5.19,Rising
187602,794.9884842787372,5.090000000000001,Falling
62977,794.9885346512767,5.52,Rising
187302,794.9885558984616,5.4,Falling
63277,794.9886062710011,5.74,Rising
187002,794.988627518186,5.65,Falling
63577,794.9886778907255,5.77,Rising
186702,794.9886991379104,5.75,Falling
63877,794.9887495104499,5.57,Rising
186402,794.9887707576348,5.59,Falling
64177,794.9888211301743,5.180000000000001,Rising
186099,794.9888430935564,5.2,Falling
64477,794.9888927498987,4.71,Rising
185799,794.9889147132808,4.74,Falling
64790,794.9889674731444,4.279999999999999,Rising
185499,794.9889863330052,4.32,Falling
65090,794.9890390928688,3.9600000000000004,Rising
185199,794.9890579527296,3.95,Falling
65390,794.9891107125932,3.69,Rising
184899,794.989129572454,3.66,Falling
65690,794.9891823323176,3.4699999999999998,Rising
184599,794.9892011921784,3.45,Falling
65990,794.989253952042,3.32,Rising
184299,794.9892728119028,3.3000000000000003,Falling
66290,794.9893255717664,3.21,Rising
183999,794.9893444316272,3.19,Falling
66590,794.9893971914908,3.14,Rising
183699,794.9894160513516,3.12,Falling
66890,794.9894688112151,3.11,Rising
183399,794.989487671076,3.07,Falling
67190,794.9895404309395,3.11,Rising
183099,794.9895592908003,3.04,Falling
67490,794.9896120506639,3.15,Rising
182799,794.9896309105247,3.04,Falling
67790,794.9896836703883,3.21,Rising
182499,794.9897025302491,3.06,Falling
68090,794.9897552901127,3.29,Rising
182199,794.9897741499735,3.11,Falling
68390,794.9898269098371,3.41,Rising
181899,794.9898457696979,3.19,Falling
68690,794.9898985295615,3.5700000000000003,Rising
181599,794.9899173894223,3.28,Falling
68990,794.9899701492859,3.7199999999999998,Rising
181299,794.9899890091467,3.39,Falling
69290,794.9900417690103,3.8500000000000005,Rising
180999,794.9900606288711,3.55,Falling
69590,794.9901133887347,4.0600000000000005,Rising
180699,794.9901322485955,3.79,Falling
69890,794.9901850084591,4.43,Rising
180399,794.9902038683199,4.05,Falling
70190,794.9902566281835,4.88,Rising
180099,794.9902754880442,4.470000000000001,Falling
70490,794.9903282479079,5.43,Rising
179799,794.9903471077686,4.97,Falling
70793,794.9904005838295,6.15,Rising
179499,794.990418727493,5.6,Falling
71093,794.9904722035538,7.109999999999999,Rising
179080,794.9905187563747,6.97,Falling
178777,794.9905910922964,8.209999999999999,Falling
71660,794.990607564833,9.79,Rising
178477,794.9906627120208,9.75,Falling
71960,794.9906791845574,11.8,Rising
178177,794.9907343317452,11.9,Falling
72260,794.9907508042818,14.1,Rising
177877,794.9908059514696,14.3,Falling
72560,794.9908224240062,16.4,Rising
177577,794.9908775711939,16.4,Falling
72860,794.9908940437306,18.0,Rising
177277,794.9909491909183,17.7,Falling
73160,794.990965663455,18.5,Rising
176977,794.9910208106427,17.5,Falling
73460,794.9910372831794,17.3,Rising
176677,794.9910924303671,15.9,Falling
73760,794.9911089029038,15.2,Rising
176377,794.9911640500915,13.8,Falling
74060,794.9911805226282,12.799999999999999,Rising
176077,794.9912356698159,11.5,Falling
74360,794.9912521423526,10.8,Rising
175777,794.9913072895403,9.71,Falling
74660,794.991323762077,9.07,Rising
74960,794.9913953818013,7.710000000000001,Rising
175367,794.9914051698303,7.78,Falling
75260,794.9914670015257,6.69,Rising
175067,794.9914767895547,6.66,Falling
174767,794.9915484092791,5.99,Falling
174467,794.9916200290035,5.35,Falling
75907,794.9916214613979,5.33,Rising
174167,794.9916916487279,4.83,Falling
76207,794.9916930811223,4.88,Rising
173867,794.9917632684522,4.51,Falling
76507,794.9917647008467,4.51,Rising
173567,794.9918348881766,4.52,Falling
76807,794.9918363205711,4.27,Rising
173267,794.991906507901,4.26,Falling
77107,794.9919079402955,4.1,Rising
172967,794.9919781276254,3.87,Falling
77407,794.9919795600199,3.9600000000000004,Rising
172667,794.9920497473498,3.73,Falling
77707,794.9920511797443,3.8600000000000003,Rising
172367,794.9921213670742,3.7,Falling
78007,794.9921227994687,3.8,Rising
172067,794.9921929867986,3.78,Falling
78307,794.9921944191931,3.76,Rising
171767,794.992264606523,3.6799999999999997,Falling
78607,794.9922660389175,3.73,Rising
171467,794.9923362262474,3.66,Falling
78907,794.9923376586419,3.74,Rising
171166,794.9924080847042,3.7199999999999998,Falling
79210,794.9924099945636,3.76,Rising
170864,794.9924801818934,3.8600000000000003,Falling
79510,794.992481614288,3.8,Rising
170567,794.9925510854206,3.76,Falling
79810,794.9925532340122,3.8600000000000003,Rising
170264,794.9926234213422,3.8500000000000005,Falling
80110,794.9926248537366,3.9299999999999997,Rising
169966,794.9926945636017,3.9400000000000004,Falling
80410,794.992696473461,4.03,Rising
169664,794.992766660791,4.0600000000000005,Falling
80710,794.9927680931854,4.16,Rising
169366,794.9928378030505,4.21,Falling
81010,794.9928397129098,4.3100000000000005,Rising
169064,794.9929099002397,4.380000000000001,Falling
81310,794.9929113326342,4.49,Rising
168766,794.9929810424993,4.59,Falling
81610,794.9929829523586,4.71,Rising
168465,794.9930529009562,4.819999999999999,Falling
81910,794.993054572083,4.97,Rising
168166,794.9931242819481,5.1000000000000005,Falling
82210,794.9931261918074,5.26,Rising
167864,794.9931963791373,5.41,Falling
82510,794.9931978115318,5.58,Rising
167566,794.9932675213969,5.74,Falling
82810,794.9932694312562,5.88,Rising
167264,794.9933396185861,6.04,Falling
83110,794.9933410509806,6.15,Rising
166966,794.9934107608457,6.28,Falling
83410,794.993412670705,6.37,Rising
166664,794.9934828580349,6.45,Falling
83710,794.9934842904294,6.569999999999999,Rising
166366,794.9935540002945,6.63,Falling
84010,794.9935559101538,6.78,Rising
166064,794.9936260974837,6.83,Falling
84310,794.9936275298782,7.01,Rising
165766,794.9936972397433,7.08,Falling
84610,794.9936991496025,7.29,Rising
84910,794.9937707693269,7.63,Rising
85210,794.9938423890513,8.049999999999999,Rising
165096,794.9938571904611,7.920000000000001,Falling
164796,794.9939288101855,8.42,Falling
85778,794.9939779890628,9.13,Rising
164496,794.9940004299099,8.96,Falling
86078,794.9940496087872,9.809999999999999,Rising
164196,794.9940720496343,9.61,Falling
86378,794.9941212285116,10.6,Rising
163896,794.9941436693587,10.299999999999999,Falling
86678,794.994192848236,11.5,Rising
163593,794.9942160052802,11.2,Falling
86981,794.9942651841577,12.6,Rising
163293,794.9942876250046,12.3,Falling
87281,794.9943368038821,13.8,Rising
162993,794.994359244729,13.5,Falling
87581,794.9944084236064,15.400000000000002,Rising
162693,794.9944308644534,15.0,Falling
87881,794.9944800433308,17.099999999999998,Rising
162393,794.9945024841778,16.7,Falling
88181,794.9945516630552,19.0,Rising
162093,794.9945741039022,18.7,Falling
88481,794.9946232827796,21.6,Rising
161793,794.9946457236266,20.9,Falling
88781,794.994694902504,24.5,Rising
161493,794.994717343351,23.900000000000002,Falling
89081,794.9947665222284,28.099999999999998,Rising
161193,794.9947889630754,27.6,Falling
89381,794.9948381419528,32.7,Rising
160893,794.9948605827998,32.1,Falling
89681,794.9949097616771,38.4,Rising
160593,794.9949322025242,37.6,Falling
89981,794.9949813814015,45.5,Rising
160293,794.9950038222486,44.7,Falling
90281,794.9950530011259,54.6,Rising
159993,794.995075441973,53.699999999999996,Falling
90581,794.9951246208503,66.69999999999999,Rising
159519,794.9951886011374,74.2,Falling
159219,794.9952602208618,91.3,Falling
91162,794.9952633243832,100.0,Rising
158919,794.9953318405862,114.0,Falling
91462,794.9953349441076,125.0,Rising
158619,794.9954034603106,140.0,Falling
91762,794.995406563832,154.0,Rising
158306,794.9954781835564,170.0,Falling
92062,794.9954781835564,183.0,Rising
92362,794.9955498032808,206.0,Rising
158006,794.9955498032808,195.0,Falling
157706,794.9956214230052,209.0,Falling
92662,794.9956214230052,212.0,Rising
92962,794.9956930427296,200.0,Rising
157406,794.9956930427296,203.0,Falling
93262,794.995764662454,174.0,Rising
157106,794.995764662454,180.0,Falling
93562,794.9958362821784,144.0,Rising
156806,794.9958362821784,152.0,Falling
156506,794.9959079019028,125.0,Falling
93862,794.9959079019028,116.0,Rising
94162,794.9959795216272,93.8,Rising
156203,794.9959802378244,100.0,Falling
94462,794.9960511413516,75.9,Rising
155742,794.9960902934675,73.0,Falling
155442,794.9961619131919,59.5,Falling
94981,794.9961750434748,54.1,Rising
155142,794.9962335329163,49.2,Falling
95284,794.9962473793964,45.2,Rising
154842,794.9963051526407,41.5,Falling
95584,794.9963189991208,38.2,Rising
154542,794.9963767723651,35.3,Falling
95884,794.9963906188452,32.7,Rising
154242,794.9964483920895,30.4,Falling
96184,794.9964622385696,28.4,Rising
153942,794.9965200118139,26.599999999999998,Falling
96484,794.996533858294,24.9,Rising
153642,794.9965916315383,23.200000000000003,Falling
96784,794.9966054780184,21.900000000000002,Rising
153342,794.9966632512627,20.599999999999998,Falling
97097,794.9966802012641,19.5,Rising
153042,794.9967348709871,18.4,Falling
97397,794.9967518209885,17.6,Rising
152742,794.9968064907115,16.6,Falling
97697,794.9968234407129,15.9,Rising
152442,794.9968781104359,15.1,Falling
97997,794.9968950604373,14.600000000000001,Rising
152142,794.9969497301603,13.9,Falling
98297,794.9969666801617,13.5,Rising
151842,794.9970213498847,12.9,Falling
98597,794.9970382998861,12.5,Rising
151542,794.9970929696091,12.1,Falling
98897,794.9971099196105,11.8,Rising
151242,794.9971645893335,11.5,Falling
99197,794.9971815393349,11.2,Rising
150942,794.9972362090579,11.0,Falling
99497,794.9972531590593,10.8,Rising
150642,794.9973078287823,10.6,Falling
99797,794.9973247787836,10.6,Rising
150342,794.9973794485066,10.5,Falling
100097,794.997396398508,10.6,Rising
150042,794.997451068231,10.5,Falling
100397,794.9974680182324,10.7,Rising
149742,794.9975226879554,10.7,Falling
100697,794.9975396379568,11.0,Rising
149442,794.9975943076798,11.2,Falling
100997,794.9976112576812,11.7,Rising
149142,794.9976659274042,12.1,Falling
101297,794.9976828774056,12.700000000000001,Rising
148842,794.9977375471286,13.200000000000001,Falling
101597,794.99775449713,14.0,Rising
148539,794.9978098830502,14.399999999999999,Falling
101897,794.9978261168544,15.400000000000002,Rising
148239,794.9978815027746,15.7,Falling
102197,794.9978977365788,16.5,Rising
147939,794.997953122499,16.5,Falling
102497,794.9979693563032,16.6,Rising
147639,794.9980247422234,16.2,Falling
102800,794.9980416922248,15.7,Rising
147339,794.9980963619478,14.9,Falling
103100,794.9981133119492,14.1,Rising
147039,794.9981679816722,13.299999999999999,Falling
103400,794.9981849316736,12.3,Rising
146739,794.9982396013966,11.5,Falling
103700,794.998256551398,10.6,Rising
146439,794.998311221121,9.959999999999999,Falling
104000,794.9983281711224,9.19,Rising
104300,794.9983997908467,8.1,Rising
145813,794.9984606676124,7.55,Falling
145513,794.9985322873368,6.78,Falling
104991,794.9985647549453,6.31,Rising
145213,794.9986039070612,6.13,Falling
105291,794.9986363746697,5.8100000000000005,Rising
144913,794.9986755267856,5.66,Falling
105591,794.9987079943941,5.41,Rising
144613,794.99874714651,5.29,Falling
105891,794.9987796141185,5.090000000000001,Rising
144313,794.9988187662344,4.989999999999999,Falling
106191,794.9988512338429,4.819999999999999,Rising
144013,794.9988903859588,4.7299999999999995,Falling
106491,794.9989228535673,4.63,Rising
143713,794.9989620056832,4.55,Falling
106791,794.9989944732916,4.49,Rising
143413,794.9990336254076,4.42,Falling
107091,794.999066093016,4.37,Rising
143113,794.999105245132,4.33,Falling
107391,794.9991377127404,4.289999999999999,Rising
142813,794.9991768648564,4.27,Falling
107691,794.9992093324648,4.25,Rising
142513,794.9992484845808,4.25,Falling
107991,794.9992809521892,4.27,Rising
142213,794.9993201043052,4.279999999999999,Falling
108291,794.9993525719136,4.3100000000000005,Rising
141913,794.9993917240296,4.34,Falling
108591,794.999424191638,4.4,Rising
141613,794.999463343754,4.45,Falling
108891,794.9994958113624,4.58,Rising
141313,794.9995349634784,4.65,Falling
109191,794.9995674310868,4.8500000000000005,Rising
141010,794.9996072994,4.930000000000001,Falling
109491,794.9996390508112,5.180000000000001,Rising
140710,794.9996789191244,5.32,Falling
109791,794.9997106705356,5.640000000000001,Rising
140410,794.9997505388488,5.83,Falling
110091,794.99978229026,6.28,Rising
110394,794.9998546261816,7.17,Rising
139810,794.9998937782975,7.54,Falling
139510,794.9999653980219,8.709999999999999,Falling
110986,794.999995955771,9.58,Rising
139210,795.0000370177463,10.200000000000001,Falling
111286,795.0000675754955,11.3,Rising
138910,795.0001086374707,12.0,Falling
111586,795.0001391952198,13.0,Rising
138610,795.0001802571951,13.6,Falling
111886,795.0002108149442,14.1,Rising
138310,795.0002518769195,14.399999999999999,Falling
112186,795.0002824346686,14.3,Rising
138010,795.0003234966439,14.3,Falling
112486,795.000354054393,13.4,Rising
137710,795.0003951163683,13.200000000000001,Falling
112786,795.0004256741174,11.8,Rising
137410,795.0004667360927,11.399999999999999,Falling
113086,795.0004972938418,10.0,Rising
137110,795.0005383558171,9.540000000000001,Falling
113386,795.0005689135662,8.48,Rising
113686,795.0006405332906,7.1899999999999995,Rising
136613,795.0006570058272,7.27,Falling
136313,795.0007286255516,6.26,Falling
114225,795.000769210062,5.47,Rising
136013,795.000800245276,5.41,Falling
114525,795.0008408297864,4.819999999999999,Rising
135713,795.0008718650004,4.81,Falling
114825,795.0009124495108,4.300000000000001,Rising
135413,795.0009434847248,4.300000000000001,Falling
115125,795.0009840692352,3.87,Rising
135113,795.0010151044492,3.89,Falling
115425,795.0010556889596,3.5300000000000002,Rising
134813,795.0010867241735,3.62,Falling
115725,795.001127308684,3.3000000000000003,Rising
134513,795.0011583438979,3.42,Falling
116025,795.0011989284084,3.11,Rising
134213,795.0012299636223,3.25,Falling
116325,795.0012705481328,2.96,Rising
133913,795.0013015833467,3.07,Falling
116625,795.0013421678572,2.8600000000000003,Rising
133613,795.0013732030711,2.9699999999999998,Falling
116925,795.0014137875816,2.8,Rising
133310,795.0014455389927,2.92,Falling
117225,795.001485407306,2.76,Rising
133010,795.0015171587171,2.88,Falling
117525,795.0015570270303,2.76,Rising
132710,795.0015887784415,2.8499999999999996,Falling
117825,795.0016286467547,2.79,Rising
132410,795.0016603981659,2.8600000000000003,Falling
118125,795.0017002664791,2.8,Rising
132110,795.0017320178903,2.9000000000000004,Falling
118428,795.0017726024008,2.81,Rising
131810,795.0018036376147,2.96,Falling
118728,795.0018442221252,2.91,Rising
131510,795.0018752573391,3.04,Falling
119028,795.0019158418496,3.05,Rising
131210,795.0019468770635,3.19,Falling
119328,795.001987461574,3.2399999999999998,Rising
130910,795.0020184967879,3.39,Falling
119628,795.0020590812983,3.51,Rising
130610,795.0020901165122,3.66,Falling
119928,795.0021307010227,3.89,Rising
130310,795.0021617362366,4.04,Falling
120228,795.0022023207471,4.359999999999999,Rising
130010,795.002233355961,4.62,Falling
120528,795.0022739404715,4.930000000000001,Rising
129710,795.0023049756854,5.32,Falling
120828,795.0023455601959,5.65,Rising
121128,795.0024171799203,6.569999999999999,Rising
129131,795.0024432017535,7.05,Falling
121428,795.0024887996447,7.42,Rising
128831,795.0025148214779,7.829999999999999,Falling
121728,795.002560419369,7.75,Rising
128531,795.0025864412023,8.209999999999999,Falling
122028,795.0026320390934,7.659999999999999,Rising
128044,795.0027027038882,7.7700000000000005,Falling
122328,795.0027036588178,7.220000000000001,Rising
127744,795.0027743236126,7.0600000000000005,Falling
122628,795.0027752785422,6.409999999999999,Rising
122928,795.0028468982666,5.58,Rising
127431,795.0028490468584,6.03,Falling
123228,795.002918517991,4.83,Rising
127131,795.0029206665828,5.17,Falling
123528,795.0029901377154,4.24,Rising
126831,795.0029922863072,4.48,Falling
123828,795.0030617574398,3.78,Rising
126531,795.0030639060316,3.9099999999999997,Falling
124128,795.0031333771642,3.44,Rising
126231,795.003135525756,3.4699999999999998,Falling
124428,795.0032049968886,3.1599999999999997,Rising
125931,795.0032071454804,3.17,Falling
124728,795.003276616613,2.94,Rising
125028,795.0033482363374,2.8,Rising
125328,795.0034198560618,2.8200000000000003,Rising
125631,795.0034921919834,2.95,Rising
