Time_ms,Lambda_aligned,Power_uW,Scan_Direction,Power_smooth_uW,selected_peak_role,is_highest_peak,is_second_highest_peak
251298,794.9732548218102,5.23,Falling,5.527480707698096,,0,0
251598,794.973312398202,5.76,Falling,5.354473931865235,,0,0
250998,794.9733264415346,4.8500000000000005,Falling,5.26519193240017,,0,0
251898,794.9733840179264,6.409999999999999,Falling,5.2588762089677425,,0,0
250698,794.973398061259,4.79,Falling,5.334768261232793,,0,0
250398,794.9734696809834,5.17,Falling,5.492109588860162,,0,0
250098,794.9735413007078,5.699999999999999,Falling,5.73014169151469,,0,0
309,794.9735737683162,5.800000000000001,Rising,6.048106068861218,,0,0
609,794.9736453880406,6.44,Rising,6.445244220564586,,0,0
249458,794.9736940894531,7.16,Falling,6.920797646289636,,0,0
909,794.973717007765,7.23,Rising,7.474007845701146,,0,0
249158,794.9737657091775,8.08,Falling,8.064292252369988,,0,0
248858,794.9738373289019,9.19,Falling,8.735724092840732,,0,0
1598,794.9738814943986,9.75,Rising,9.464704151683486,,0,0
248558,794.9739089486263,10.6,Falling,10.310228832951875,,0,0
1898,794.973953114123,11.3,Rising,11.193161163778937,,0,0
248245,794.9739836718721,12.4,Falling,12.121477607061056,,0,0
2198,794.9740247338474,13.1,Rising,13.198676037920807,,0,0
247945,794.9740552915965,14.6,Falling,14.34553775743699,,0,0
2498,794.9740963535718,15.6,Rising,15.714413206930285,,0,0
247645,794.9741269113209,17.4,Falling,17.200948022229394,,0,0
2798,794.9741679732962,18.7,Rising,18.949078130107782,,0,0
247345,794.9741985310453,21.1,Falling,20.94380843412869,,0,0
3098,794.9742395930206,22.5,Rising,23.325743707093693,,0,0
247045,794.9742701507697,26.1,Falling,26.061686825759896,,0,0
3398,794.974311212745,28.0,Rising,29.23896698267389,,0,0
246745,794.9743417704941,31.8,Falling,32.799967309578065,,0,0
3698,794.9743828324694,35.0,Rising,36.75031055900591,,0,0
246445,794.9744133902185,39.5,Falling,40.97074207257237,,0,0
3998,794.9744544521938,43.0,Rising,45.32500817260498,,0,0
246145,794.9744850099429,48.900000000000006,Falling,49.59326577312794,,0,0
4298,794.9745260719181,52.8,Rising,53.69215429878982,,0,0
245845,794.9745566296673,58.0,Falling,57.32759071591953,,0,0
4598,794.9745976916425,61.9,Rising,60.41533180777953,,0,0
245542,794.9746289655889,65.5,Falling,62.773259235043255,,0,0
4898,794.9746693113669,67.3,Rising,64.31307616868165,,0,0
245242,794.9747005853133,68.2,Falling,64.91098398169238,second_highest_peak,0,1
5198,794.9747409310913,67.3,Rising,64.55583524027357,,0,0
244942,794.9747722050377,64.8,Falling,63.27218045112678,,0,0
5498,794.9748125508157,61.9,Rising,61.09911735861288,,0,0
244642,794.974843824762,58.5,Falling,58.16508662961647,,0,0
5798,794.9748841705401,53.900000000000006,Rising,54.66593658058086,,0,0
244342,794.9749154444864,49.9,Falling,50.72507355344784,,0,0
6098,794.9749557902645,45.7,Rising,46.55269695978981,,0,0
244042,794.9749870642108,40.6,Falling,42.34047074207166,,0,0
6398,794.9750274099889,37.3,Rising,38.24511278195402,,0,0
243742,794.9750586839352,33.0,Falling,34.39254658385012,,0,0
6698,794.9750990297133,30.2,Rising,30.848741418763556,,0,0
243442,794.9751303036596,26.7,Falling,27.67260542660932,,0,0
6998,794.9751706494377,24.9,Rising,24.806897678979432,,0,0
243142,794.975201923384,21.7,Falling,22.300045766589818,,0,0
7298,794.9752422691621,20.3,Rising,20.13033017325872,,0,0
242842,794.9752735431084,17.900000000000002,Falling,18.24765282772101,,0,0
7601,794.9753146050837,16.799999999999997,Rising,16.616623079437304,,0,0
242542,794.9753451628328,15.1,Falling,15.244596273291542,,0,0
7901,794.9753862248081,14.2,Rising,13.994841451454372,,0,0
242242,794.9754167825572,12.8,Falling,12.901405688133059,,0,0
8201,794.9754578445325,12.2,Rising,11.905508336057245,,0,0
241942,794.9754884022816,11.1,Falling,11.017371690094539,,0,0
8501,794.9755294642569,10.5,Rising,10.199084668191976,,0,0
241642,794.975560022006,9.66,Falling,9.498542007191674,,0,0
8801,794.9756010839812,9.16,Rising,8.823550179797117,,0,0
9101,794.9756727037056,8.11,Rising,8.236737495913513,,0,0
241157,794.975675807227,7.869999999999999,Falling,7.677744360902084,,0,0
240857,794.9757474269514,7.029999999999999,Falling,7.185089898659534,,0,0
240557,794.9758190466758,6.3500000000000005,Falling,6.732546583850784,,0,0
9734,794.9758238213242,6.42,Rising,6.334380516508526,,0,0
240257,794.9758906664002,5.75,Falling,5.968443935926646,,0,0
10034,794.9758954410485,5.859999999999999,Rising,5.658506047727897,,0,0
239957,794.9759622861246,5.29,Falling,5.38270676691718,,0,0
10334,794.9759670607729,5.36,Rising,5.1490487087282375,,0,0
239657,794.976033905849,4.9,Falling,4.950496894409839,,0,0
10634,794.9760386804973,4.96,Rising,4.790362863680848,,0,0
239357,794.9761055255734,4.5600000000000005,Falling,4.6300457665903,,0,0
10934,794.9761103002216,4.63,Rising,4.506956521739047,,0,0
239057,794.9761771452978,4.279999999999999,Falling,4.38025498528923,,0,0
11234,794.976181919946,4.34,Rising,4.23709055246805,,0,0
238757,794.9762487650222,4.05,Falling,4.13575678326243,,0,0
11534,794.9762535396704,4.1,Rising,4.015985616214377,,0,0
238457,794.9763203847466,3.87,Falling,3.934396861719447,,0,0
11834,794.9763251593948,3.91,Rising,3.8394998365478243,,0,0
238154,794.9763927206682,3.73,Falling,3.7757142857142214,,0,0
12134,794.9763967791192,3.76,Rising,3.704831644328149,,0,0
237854,794.9764643403926,3.62,Falling,3.6596077149394617,,0,0
12434,794.9764683988436,3.65,Rising,3.613935926773396,,0,0
237554,794.976535960117,3.56,Falling,3.5904903563255397,,0,0
12734,794.976540018568,3.59,Rising,3.5707976462895807,,0,0
237254,794.9766075798414,3.55,Falling,3.5717064400130214,,0,0
13034,794.9766116382924,3.58,Rising,3.5805426610002717,,0,0
236954,794.9766791995658,3.59,Falling,3.612062765609623,,0,0
13334,794.9766832580168,3.63,Rising,3.650052304674677,,0,0
236654,794.9767508192901,3.68,Falling,3.715831971232376,,0,0
13634,794.9767548777412,3.73,Rising,3.780408630271276,,0,0
236354,794.9768224390145,3.850000000000001,Falling,3.8734390323634615,,0,0
13934,794.9768264974656,3.87,Rising,3.952033344230083,,0,0
236054,794.9768940587389,4.05,Falling,4.05182739457333,,0,0
14234,794.97689811719,4.07,Rising,4.125138934292192,,0,0
235754,794.9769656784633,4.26,Falling,4.206711343576269,,0,0
14534,794.9769697369144,4.27,Rising,4.250742072572671,,0,0
235454,794.9770372981877,4.380000000000001,Falling,4.292242562928995,,0,0
14834,794.9770413566388,4.41,Rising,4.292824452435369,,0,0
235154,794.9771089179121,4.34,Falling,4.280441320692969,,0,0
15134,794.9771129763632,4.390000000000001,Rising,4.229532526969528,,0,0
234854,794.9771805376365,4.13,Falling,4.161209545603069,,0,0
15434,794.9771845960876,4.199999999999999,Rising,4.062899640405292,,0,0
234554,794.9772521573609,3.83,Falling,3.9474436090224874,,0,0
15737,794.9772569320093,3.9,Rising,3.8153121935272294,,0,0
234254,794.9773237770853,3.51,Falling,3.6739653481529255,,0,0
16037,794.9773285517335,3.61,Rising,3.5293658058188324,,0,0
233954,794.9773953968097,3.23,Falling,3.3868486433474376,,0,0
16337,794.9774001714579,3.31,Rising,3.2487479568485838,,0,0
233654,794.9774670165341,3.01,Falling,3.1270480549198507,,0,0
16637,794.9774717911823,3.06,Rising,3.0091173586138718,,0,0
233354,794.9775386362585,2.83,Falling,2.9182477933964814,,0,0
16937,794.9775434109067,2.88,Rising,2.8239228506047223,,0,0
233054,794.9776102559829,2.7,Falling,2.7615822164105426,,0,0
17237,794.9776150306311,2.74,Rising,2.6899803857469284,,0,0
232754,794.9776818757073,2.6,Falling,2.6497580908793266,,0,0
17537,794.9776866503555,2.64,Rising,2.5952402745994974,,0,0
232454,794.9777534954317,2.53,Falling,2.5724877410918165,,0,0
17837,794.9777582700799,2.58,Rising,2.5329192546583426,,0,0
232154,794.9778251151561,2.49,Falling,2.519872507355303,,0,0
18137,794.9778298898043,2.54,Rising,2.492611964694305,,0,0
231854,794.9778967348805,2.46,Falling,2.4892383131742,,0,0
18437,794.9779015095287,2.52,Rising,2.4730728996403664,,0,0
231554,794.9779683546049,2.45,Falling,2.4781399150048653,,0,0
18737,794.9779731292531,2.51,Rising,2.4731611637789745,,0,0
231254,794.9780399743292,2.44,Falling,2.486593658058151,,0,0
19037,794.9780447489775,2.53,Rising,2.4911637790127124,,0,0
230954,794.9781115940536,2.46,Falling,2.512994442628273,,0,0
19337,794.9781163687019,2.57,Rising,2.527914351095092,,0,0
230651,794.9781839299752,2.52,Falling,2.5602713305001266,,0,0
19637,794.9781879884263,2.65,Rising,2.5875678326250044,,0,0
230351,794.9782555496996,2.58,Falling,2.6320333442301043,,0,0
19937,794.9782596081507,2.73,Rising,2.6707911082052584,,0,0
230051,794.978327169424,2.68,Falling,2.7251618175874097,,0,0
20237,794.9783312278751,2.83,Rising,2.777783589408267,,0,0
229751,794.9783987891484,2.8,Falling,2.8421575678325883,,0,0
20537,794.9784028475995,2.97,Rising,2.9138476626348107,,0,0
229451,794.9784704088728,2.96,Falling,2.990013076168645,,0,0
20837,794.9784744673238,3.14,Rising,3.084982020268023,,0,0
229151,794.9785420285972,3.15,Falling,3.1741843739783873,,0,0
21137,794.9785460870482,3.3400000000000003,Rising,3.295237005557333,,0,0
228851,794.9786136483216,3.37,Falling,3.4052370055573347,,0,0
21437,794.9786177067726,3.6,Rising,3.5315462569466773,,0,0
228551,794.978685268046,3.7,Falling,3.6784243216737127,,0,0
21737,794.978689326497,3.93,Rising,3.858427590715884,,0,0
228251,794.9787568877704,4.140000000000001,Falling,4.033792088917911,,0,0
22037,794.9787609462214,4.289999999999999,Rising,4.290670153644947,,0,0
227951,794.9788285074948,4.69,Falling,4.572451781627946,,0,0
22337,794.9788325659458,4.75,Rising,4.9403694017652455,,0,0
227651,794.9789001272192,5.4,Falling,5.363167701863312,,0,0
22637,794.9789041856702,5.42,Rising,5.863036940176483,,0,0
22937,794.9789758053946,6.31,Rising,6.469146779993408,,0,0
227247,794.9789965751147,6.8,Falling,7.10254658385087,,0,0
23240,794.9790481413162,7.58,Rising,7.8784537430532104,,0,0
226947,794.9790681948391,8.1,Falling,8.616211180124138,,0,0
226647,794.9791398145635,9.59,Falling,9.474557044785776,,0,0
23653,794.9791467378035,9.86,Rising,10.227087283425838,,0,0
226347,794.9792114342879,11.2,Falling,11.011941811049226,,0,0
23953,794.9792183575279,11.6,Rising,11.635753514220182,,0,0
226047,794.9792830540123,12.6,Falling,12.178921216083518,,0,0
24253,794.9792899772523,13.1,Rising,12.61646943445552,,0,0
225747,794.9793546737367,13.1,Falling,12.777414187642828,,0,0
24553,794.9793615969767,13.8,Rising,12.813530565544097,,0,0
225447,794.9794262934611,12.6,Falling,12.65689767897985,,0,0
24853,794.9794332167011,13.3,Rising,12.273576332134475,,0,0
225147,794.9794979131855,11.3,Falling,11.745361229159647,,0,0
25153,794.9795048364255,11.8,Rising,11.09859431186642,,0,0
224847,794.9795695329097,9.72,Falling,10.34973847662615,,0,0
25453,794.9795764561499,10.0,Rising,9.546678653154435,,0,0
25753,794.9796480758743,8.399999999999999,Rising,8.726887871853366,,0,0
224291,794.9797022681323,7.04,Falling,7.92010460934929,,0,0
26053,794.9797196955986,7.19,Rising,7.187267080745183,,0,0
223991,794.9797738878567,6.03,Falling,6.481608368747809,,0,0
223691,794.9798455075811,5.29,Falling,5.929934619156451,,0,0
26584,794.9798464625107,5.5600000000000005,Rising,5.381624713958683,,0,0
223391,794.9799171273055,4.71,Falling,5.019581562602041,,0,0
26884,794.9799180822351,4.95,Rising,4.63049362536766,,0,0
223089,794.9799892244947,4.26,Falling,4.41415168355662,,0,0
27184,794.9799897019595,4.51,Rising,4.162602157567742,,0,0
222789,794.9800608442191,3.94,Falling,4.052314481856732,,0,0
27484,794.9800613216839,4.15,Rising,3.9294540699574245,,0,0
222489,794.9801324639435,3.7,Falling,3.7890552468126097,,0,0
27784,794.9801329414083,3.86,Rising,3.72060804184367,,0,0
222189,794.9802040836679,3.52,Falling,3.6330271330499495,,0,0
28084,794.9802045611327,3.63,Rising,3.5238247793395896,,0,0
221889,794.9802757033923,3.39,Falling,3.4728996404052994,,0,0
28384,794.9802761808571,3.47,Rising,3.3868355671787573,,0,0
221589,794.9803473231167,3.29,Falling,3.3522327558024925,,0,0
28684,794.9803478005815,3.36,Rising,3.2848185681594737,,0,0
221289,794.9804189428411,3.22,Falling,3.266243870545876,,0,0
28984,794.9804194203059,3.28,Rising,3.219722131415442,,0,0
220989,794.9804905625655,3.17,Falling,3.213455377574319,,0,0
29284,794.9804910400303,3.22,Rising,3.18477607061126,,0,0
220689,794.9805621822899,3.14,Falling,3.187204968944049,,0,0
29584,794.9805626597547,3.19,Rising,3.1740339980385244,,0,0
220389,794.9806338020143,3.14,Falling,3.1819352729649717,,0,0
29884,794.9806342794791,3.23,Rising,3.180075187969876,,0,0
220089,794.9807054217387,3.15,Falling,3.1947139588100204,,0,0
30184,794.9807058992035,3.28,Rising,3.2022262177181604,,0,0
219789,794.980777041463,3.18,Falling,3.2184373978423837,,0,0
30484,794.9807775189279,3.3000000000000003,Rising,3.239790781301031,,0,0
219489,794.9808486611875,3.22,Falling,3.2609512912716103,,0,0
30784,794.9808491386523,3.33,Rising,3.2890617848969765,,0,0
219189,794.9809202809118,3.28,Falling,3.3139424648577482,,0,0
31084,794.9809207583767,3.36,Rising,3.349107551487365,,0,0
218889,794.9809919006362,3.36,Falling,3.3842530238639585,,0,0
31389,794.9809935717631,3.43,Rising,3.4177770513239136,,0,0
218589,794.9810635203606,3.44,Falling,3.4629421379535303,,0,0
31689,794.9810651914875,3.51,Rising,3.506054266099983,,0,0
31989,794.9811368112119,3.62,Rising,3.5619679633866776,,0,0
218275,794.9811384823388,3.55,Falling,3.6176789800587925,,0,0
32289,794.9812084309362,3.75,Rising,3.682232755802499,,0,0
217975,794.9812101020632,3.68,Falling,3.748221641059118,,0,0
32589,794.9812800506606,3.91,Rising,3.8223275580254463,,0,0
217675,794.9812817217876,3.82,Falling,3.901118012422306,,0,0
217375,794.981353341512,3.98,Falling,3.9853677672441434,,0,0
32905,794.9813554901037,4.09,Rising,4.075995423340906,,0,0
217075,794.9814249612364,4.17,Falling,4.172938868911354,,0,0
33208,794.9814278260253,4.27,Rising,4.27587446878059,,0,0
216775,794.9814965809608,4.390000000000001,Falling,4.3827884929715015,,0,0
33508,794.9814994457497,4.46,Rising,4.503007518796933,,0,0
216475,794.9815682006852,4.63,Falling,4.613834586466105,,0,0
33808,794.9815710654741,4.71,Rising,4.740297482837464,,0,0
216175,794.9816398204096,4.89,Falling,4.854125531219287,,0,0
34108,794.9816426851985,4.96,Rising,4.983347499182672,,0,0
215872,794.9817121563311,5.14,Falling,5.09653808434122,,0,0
34408,794.9817143049229,5.23,Rising,5.217842432167305,,0,0
215572,794.9817837760555,5.38,Falling,5.333161163778942,,0,0
34708,794.9817859246473,5.46,Rising,5.454262830990447,,0,0
215272,794.9818553957799,5.609999999999999,Falling,5.561677018633467,,0,0
35008,794.9818575443717,5.67,Rising,5.661435109512839,,0,0
214972,794.9819270155043,5.83,Falling,5.7886727688786435,,0,0
35308,794.9819291640961,5.9,Rising,5.908783916312444,,0,0
214672,794.9819986352287,6.08,Falling,6.0227100359593875,,0,0
35608,794.9820007838205,6.17,Rising,6.172602157567753,,0,0
214372,794.9820702549531,6.37,Falling,6.33734880679953,,0,0
35908,794.9820724035449,6.46,Rising,6.541042824452354,,0,0
214072,794.9821418746775,6.73,Falling,6.760912062765528,,0,0
36208,794.9821440232693,6.82,Rising,7.021987577639668,,0,0
36508,794.9822156429937,7.24,Rising,7.293321346845287,,0,0
36808,794.982287262718,7.73,Rising,7.605027786858361,,0,0
213426,794.9822960958173,7.689999999999999,Falling,7.924942791761921,,0,0
213126,794.9823677155417,8.26,Falling,8.290987250735439,,0,0
212826,794.9824393352661,8.91,Falling,8.656956521739032,,0,0
37495,794.9824512718869,9.17,Rising,9.076237332461487,,0,0
212526,794.9825109549905,9.65,Falling,9.488372016998913,,0,0
37795,794.9825228916113,9.94,Rising,9.955541026479134,,0,0
212226,794.9825825747149,10.5,Falling,10.409401765282656,,0,0
38095,794.9825945113357,10.8,Rising,10.925642366786414,,0,0
211926,794.9826541944393,11.5,Falling,11.41889833278837,,0,0
38395,794.9826661310601,11.9,Rising,11.993527296501997,,0,0
211626,794.9827258141637,12.7,Falling,12.566763648250928,,0,0
38695,794.9827377507845,13.1,Rising,13.212118339326437,,0,0
211326,794.9827974338881,14.1,Falling,13.85808434128786,,0,0
38995,794.9828093705089,14.5,Rising,14.645894083033525,,0,0
211026,794.9828690536125,15.7,Falling,15.406149068322833,,0,0
39295,794.9828809902332,16.2,Rising,16.35680287675695,,0,0
210726,794.9829406733369,17.6,Falling,17.235501797973036,,0,0
39598,794.9829533261549,18.2,Rising,18.400751879699076,,0,0
210426,794.9830122930613,19.9,Falling,19.454266100032523,,0,0
39898,794.9830249458793,20.6,Rising,20.845210853219832,,0,0
210126,794.9830839127857,22.8,Falling,22.163975155279328,,0,0
40198,794.9830965656037,23.6,Rising,23.896796338672583,,0,0
209826,794.9831555325101,26.2,Falling,25.406047728015515,,0,0
40498,794.983168185328,27.3,Rising,26.941484145145317,,0,0
209526,794.9832271522345,30.800000000000004,Falling,28.310232101994004,,0,0
40798,794.9832398050524,31.8,Rising,31.244753187316,,0,0
209226,794.9832987719589,36.8,Falling,33.900588427590634,,0,0
41098,794.9833114247768,37.5,Rising,38.415658711997274,,0,0
208926,794.9833703916833,44.1,Falling,42.700130761686715,,0,0
41398,794.9833830445012,45.6,Rising,49.043184047074064,,0,0
208626,794.9834420114076,53.3,Falling,55.461981039555226,,0,0
41698,794.9834546642256,55.5,Rising,63.96845374305303,,0,0
41998,794.98352628395,67.8,Rising,73.07211507028408,,0,0
208019,794.9835869219834,81.19999999999999,Falling,84.17466492317705,,0,0
42555,794.983659257905,102.0,Rising,96.3977116704799,,0,0
207716,794.983659257905,101.0,Falling,109.2139261196461,,0,0
42855,794.9837308776293,127.0,Rising,123.49303694017546,,0,0
207416,794.9837308776293,126.0,Falling,137.0241909120614,,0,0
43155,794.9838024973537,155.0,Rising,151.03269042170476,,0,0
207116,794.9838024973537,155.0,Falling,163.32562929061592,,0,0
206816,794.9838741170781,182.0,Falling,174.6046747303018,,0,0
43455,794.9838741170781,183.0,Rising,182.46796338672522,,0,0
43755,794.9839457368025,201.0,Rising,188.24713958809804,,0,0
206516,794.9839457368025,198.0,Falling,190.53638443935642,,0,0
206216,794.9840173565269,198.0,Falling,190.58787185354387,highest_peak,1,0
44055,794.9840173565269,202.0,Rising,188.62458319712013,,0,0
205916,794.9840889762513,181.0,Falling,183.00058842758756,,0,0
44355,794.9840889762513,185.0,Rising,175.29225237005244,,0,0
44655,794.9841605959757,157.0,Rising,164.22602157567516,,0,0
205616,794.9841605959757,154.0,Falling,152.31657404380215,,0,0
205316,794.9842322157001,126.0,Falling,138.36407322654168,,0,0
44955,794.9842322157001,130.0,Rising,124.79277541680015,,0,0
45255,794.9843038354245,104.0,Rising,110.7556064073201,,0,0
205016,794.9843038354245,102.0,Falling,97.97329192546347,,0,0
45555,794.9843754551489,83.7,Rising,85.82703497874905,,0,0
204497,794.9844277375477,70.2,Falling,74.75380843412682,,0,0
204197,794.984499357272,57.3,Falling,65.7511605099688,,0,0
46203,794.9845301537536,53.8,Rising,57.06211180124063,,0,0
203897,794.9845709769965,47.6,Falling,50.78453743053144,,0,0
46503,794.984601773478,45.0,Rising,44.54168028767445,,0,0
203597,794.9846425967208,39.7,Falling,40.108826413859624,,0,0
46803,794.9846733932023,38.1,Rising,35.432265446223255,,0,0
203297,794.9847142164452,33.7,Falling,32.837495913696394,,0,0
47103,794.9847450129267,32.6,Rising,29.98653154625615,,0,0
202997,794.9847858361696,28.9,Falling,28.48761033017255,,0,0
47403,794.9848166326511,28.0,Rising,26.97397842432104,,0,0
202697,794.984857455894,25.1,Falling,25.508270676691147,,0,0
47706,794.9848889685727,24.3,Rising,23.781497221313607,,0,0
202397,794.9849290756184,22.1,Falling,22.36377901274876,,0,0
48006,794.9849605882971,21.4,Rising,20.959986923830847,,0,0
202097,794.9850006953428,19.6,Falling,19.813533834586035,,0,0
48306,794.9850322080215,19.1,Rising,18.632853873814568,,0,0
201797,794.9850723150672,17.4,Falling,17.696436744033623,,0,0
48606,794.9851038277459,17.099999999999998,Rising,16.712814645308573,,0,0
201497,794.9851439347916,15.7,Falling,15.941712978097089,,0,0
48906,794.9851754474703,15.400000000000002,Rising,15.12020268061427,,0,0
201197,794.985215554516,14.3,Falling,14.46569467146097,,0,0
49206,794.9852470671947,14.0,Rising,13.772889833278574,,0,0
200897,794.9852871742404,13.1,Falling,13.21446224256267,,0,0
49506,794.9853186869191,12.8,Rising,12.63268715266402,,0,0
200597,794.9853587939648,12.0,Falling,12.162883295194272,,0,0
49806,794.9853903066435,11.9,Rising,11.67409284079742,,0,0
200294,794.9854311298864,11.1,Falling,11.28919581562581,,0,0
50106,794.9854619263679,11.1,Rising,10.876230794377046,,0,0
199994,794.9855027496108,10.4,Falling,10.56022556390958,,0,0
50406,794.9855335460923,10.4,Rising,10.22622425629272,,0,0
199694,794.9855743693352,9.84,Falling,9.974223602484294,,0,0
50706,794.9856051658167,9.89,Rising,9.715707747629775,,0,0
199394,794.9856459890595,9.38,Falling,9.526815952925627,,0,0
51006,794.985676785541,9.5,Rising,9.33836220987235,,0,0
199094,794.985717608784,9.08,Falling,9.21858450473996,,0,0
51306,794.9857484052654,9.26,Rising,9.098185681595146,,0,0
198794,794.9857892285083,8.950000000000001,Falling,9.06006864988544,,0,0
51606,794.9858200249898,9.16,Rising,9.02541680287662,,0,0
198494,794.9858608482327,8.96,Falling,9.086188296828894,,0,0
51906,794.9858916447142,9.21,Rising,9.153072899640273,,0,0
198194,794.9859324679571,9.12,Falling,9.31904217064387,,0,0
52206,794.9859632644386,9.45,Rising,9.49662961752193,,0,0
197894,794.9860040876815,9.52,Falling,9.782585812356844,,0,0
52506,794.986034884163,9.98,Rising,10.061804511278055,,0,0
197594,794.9860757074059,10.1,Falling,10.424390323635029,,0,0
52806,794.9861065038874,10.7,Rising,10.74489702517147,,0,0
197294,794.9861473271303,10.9,Falling,11.11426610003253,,0,0
53106,794.9861781236118,11.5,Rising,11.392007191892604,,0,0
196994,794.9862189468547,11.6,Falling,11.666554429551963,,0,0
53406,794.9862497433362,12.2,Rising,11.830366132722931,,0,0
196694,794.9862905665791,12.1,Falling,11.912157567832434,,0,0
53706,794.9863213630606,12.5,Rising,11.864338018960252,,0,0
196394,794.9863621863035,11.9,Falling,11.71999673095763,,0,0
54006,794.986392982785,12.0,Rising,11.445034324942597,,0,0
196094,794.9864338060279,11.1,Falling,11.098832951944885,,0,0
54306,794.9864646025094,11.0,Rising,10.629718862373133,,0,0
195794,794.9865054257523,9.81,Falling,10.1136090225562,,0,0
54606,794.9865362222338,9.69,Rising,9.522896371363009,,0,0
54906,794.9866078419582,8.52,Rising,8.928738149721955,,0,0
195360,794.9866090356202,8.06,Falling,8.305086629617357,,0,0
55206,794.9866794616826,7.46,Rising,7.729241582216252,,0,0
195060,794.9866806553446,7.05,Falling,7.164524354364022,,0,0
55509,794.9867517976041,6.54,Rising,6.686410591696492,,0,0
194760,794.986752275069,6.28,Falling,6.2268061457991495,,0,0
194460,794.9868238947934,5.66,Falling,5.861209545603014,,0,0
55981,794.9868644793039,5.57,Rising,5.514727034978636,,0,0
194160,794.9868955145178,5.180000000000001,Falling,5.25847008826403,,0,0
56281,794.9869360990283,5.090000000000001,Rising,5.001091860084893,,0,0
193860,794.9869671342421,4.78,Falling,4.823641712978002,,0,0
56581,794.9870077187527,4.7,Rising,4.634867603791998,,0,0
193560,794.9870387539665,4.46,Falling,4.481722785223844,,0,0
56881,794.9870793384771,4.42,Rising,4.340127492644573,,0,0
193260,794.9871103736909,4.199999999999999,Falling,4.225361229159778,,0,0
57181,794.9871509582015,4.18,Rising,4.117368421052557,,0,0
192957,794.9871827096126,4.01,Falling,4.036560967636412,,0,0
57481,794.9872225779259,3.99,Rising,3.941444916639354,,0,0
192657,794.987254329337,3.84,Falling,3.873255966001894,,0,0
57781,794.9872941976503,3.83,Rising,3.799244851258515,,0,0
192357,794.9873259490614,3.71,Falling,3.7463157894736208,,0,0
58081,794.9873658173747,3.73,Rising,3.689944426283037,,0,0
192057,794.9873975687858,3.63,Falling,3.650349787512198,,0,0
58381,794.9874374370991,3.65,Rising,3.6094083033670548,,0,0
191757,794.9874691885102,3.5700000000000003,Falling,3.584393592677288,,0,0
58681,794.9875090568235,3.59,Rising,3.557933965348096,,0,0
191457,794.9875408082346,3.52,Falling,3.5468094148413956,,0,0
58981,794.9875806765479,3.5700000000000003,Rising,3.535612945406941,,0,0
191157,794.987612427959,3.51,Falling,3.5398234717227313,,0,0
59281,794.9876522962722,3.58,Rising,3.545429879045387,,0,0
190857,794.9876840476834,3.55,Falling,3.5661359921542464,,0,0
59581,794.9877239159965,3.62,Rising,3.5913108859103766,,0,0
190557,794.9877556674078,3.62,Falling,3.6328800261522867,,0,0
59881,794.9877955357209,3.7,Rising,3.6782151029747774,,0,0
190257,794.9878272871322,3.74,Falling,3.741301078783867,,0,0
60181,794.9878671554453,3.84,Rising,3.8134782608695157,,0,0
189957,794.9878989068566,3.91,Falling,3.8809447531872694,,0,0
60481,794.9879387751697,4.0600000000000005,Rising,3.977025171624667,,0,0
189657,794.987970526581,4.16,Falling,4.072827721477563,,0,0
60781,794.9880103948941,4.34,Rising,4.21228832951941,,0,0
189357,794.9880421463052,4.49,Falling,4.423559986923791,,0,0
61081,794.9880820146185,4.7,Rising,4.705220660346476,,0,0
189057,794.9881137660296,4.92,Falling,5.059705786204598,,0,0
61381,794.9881536343429,5.25,Rising,5.504089571755426,,0,0
188757,794.988185385754,5.57,Falling,6.01028440666879,,0,0
61681,794.9882252540673,5.98,Rising,6.582134684537365,,0,0
61981,794.9882968737917,6.86,Rising,7.212598888525585,,0,0
188166,794.9883264766112,7.359999999999999,Falling,7.8522883295193635,,0,0
187866,794.9883980963356,8.610000000000001,Falling,8.51182739457329,,0,0
62623,794.9884501400019,9.4,Rising,9.11904870872823,,0,0
187552,794.9884730583137,10.0,Falling,9.729875776397389,,0,0
62923,794.9885217597263,10.5,Rising,10.155478914677861,,0,0
187252,794.9885446780381,11.0,Falling,10.520640732265296,,0,0
63223,794.9885933794507,11.0,Rising,10.738211833932494,,0,0
186952,794.9886162977625,11.2,Falling,10.747149395227028,,0,0
63526,794.9886657153723,11.0,Rising,10.609078130107704,,0,0
186652,794.9886879174869,10.5,Falling,10.275799280810547,,0,0
63826,794.9887373350967,10.2,Rising,9.840068649885408,,0,0
186352,794.9887595372113,9.33,Falling,9.25664923177492,,0,0
64126,794.9888089548211,8.92,Rising,8.642340634194014,,0,0
185851,794.9888791421511,7.17,Falling,7.976155606407164,,0,0
64426,794.9888805745455,7.62,Rising,7.30910428244509,,0,0
185551,794.9889507618755,6.12,Falling,6.640813991500348,,0,0
185251,794.9890223815999,5.32,Falling,6.03275907159189,,0,0
65076,794.989035750615,5.41,Rising,5.4528048381822884,,0,0
184948,794.9890947175214,4.63,Falling,4.963030402092072,,0,0
65376,794.9891073703394,4.63,Rising,4.536469434455598,,0,0
184648,794.9891663372458,4.0600000000000005,Falling,4.178600849950866,,0,0
65690,794.9891823323176,4.04,Rising,3.897986270022793,,0,0
184348,794.9892379569702,3.63,Falling,3.6690683229812837,,0,0
65990,794.989253952042,3.66,Rising,3.50957175547557,,0,0
184048,794.9893095766946,3.31,Falling,3.315812356979334,,0,0
66290,794.9893255717664,3.35,Rising,3.227963386727623,,0,0
183748,794.989381196419,3.04,Falling,3.109267734553714,,0,0
66590,794.9893971914908,3.08,Rising,2.975008172605368,,0,0
183448,794.9894528161434,2.8200000000000003,Falling,2.8924844720496345,,0,0
66890,794.9894688112151,2.85,Rising,2.7845505067014833,,0,0
183148,794.9895244358678,2.67,Falling,2.718947368421002,,0,0
67190,794.9895404309395,2.7,Rising,2.636567505720776,,0,0
182848,794.9895960555922,2.54,Falling,2.581055900621071,,0,0
67490,794.9896120506639,2.57,Rising,2.5141811049362093,,0,0
182548,794.9896676753166,2.43,Falling,2.473223275580212,,0,0
67790,794.9896836703883,2.45,Rising,2.421670480549157,,0,0
182248,794.989739295041,2.36,Falling,2.3936155606406913,,0,0
68090,794.9897552901127,2.37,Rising,2.355420071918888,,0,0
181948,794.9898109147654,2.3,Falling,2.3368747956848255,,0,0
68390,794.9898269098371,2.4,Rising,2.3124387054592623,,0,0
181648,794.9898825344898,2.26,Falling,2.299094475318694,,0,0
68690,794.9898985295615,2.31,Rising,2.2861229159855787,,0,0
181348,794.9899541542142,2.25,Falling,2.278826413860703,,0,0
68990,794.9899701492859,2.3,Rising,2.2721118012422004,,0,0
181048,794.9900257739386,2.25,Falling,2.2714612618502428,,0,0
69290,794.9900417690103,2.31,Rising,2.271369728669465,,0,0
180748,794.990097393663,2.27,Falling,2.2768421052631242,,0,0
69590,794.9901133887347,2.33,Rising,2.288202026806112,,0,0
180448,794.9901690133873,2.31,Falling,2.302520431513534,,0,0
69890,794.9901850084591,2.32,Rising,2.323991500490324,,0,0
180148,794.9902406331117,2.37,Falling,2.3588721804510953,,0,0
70190,794.9902566281835,2.35,Rising,2.3969205622752217,,0,0
179848,794.9903122528361,2.47,Falling,2.4464367440339663,,0,0
70490,794.9903282479079,2.48,Rising,2.5062732919254342,,0,0
179548,794.9903838725605,2.61,Falling,2.5792219679633557,,0,0
70790,794.9903998676323,2.66,Rising,2.6717260542660686,,0,0
179248,794.9904554922849,2.81,Falling,2.7799346191565553,,0,0
71090,794.9904714873567,2.8600000000000003,Rising,2.9138117031709383,,0,0
178948,794.9905271120093,3.07,Falling,3.072680614579894,,0,0
71390,794.9905431070811,3.17,Rising,3.2522360248446844,,0,0
178648,794.9905987317337,3.4,Falling,3.4605622752533125,,0,0
71693,794.9906154430026,3.5700000000000003,Rising,3.6803236351748523,,0,0
178348,794.9906703514581,3.84,Falling,3.927015364498157,,0,0
71993,794.990687062727,4.0600000000000005,Rising,4.1695488721804015,,0,0
178048,794.9907419711824,4.4,Falling,4.424720496894355,,0,0
72293,794.9907586824514,4.58,Rising,4.654092840797585,,0,0
177746,794.9908140683717,4.95,Falling,4.870529584831578,,0,0
72593,794.9908303021758,5.090000000000001,Rising,5.044318404707351,,0,0
177446,794.990885688096,5.3,Falling,5.17561621444909,,0,0
72893,794.9909019219002,5.45,Rising,5.252929061784819,,0,0
177146,794.9909573078204,5.4,Falling,5.273628636809333,,0,0
73193,794.9909735416246,5.52,Rising,5.236639424648495,,0,0
176846,794.9910289275448,5.17,Falling,5.14139261196461,,0,0
73493,794.991045161349,5.21,Rising,4.996766917293148,,0,0
176546,794.9911005472692,4.71,Falling,4.805897352075758,,0,0
73793,794.9911167810734,4.66,Rising,4.587554756456276,,0,0
176246,794.9911721669936,4.18,Falling,4.338633540372591,,0,0
74093,794.9911884007978,4.04,Rising,4.087133050016267,,0,0
175946,794.991243786718,3.67,Falling,3.8291631252042397,,0,0
74393,794.9912600205222,3.52,Rising,3.5819385420071206,,0,0
175646,794.9913154064424,3.25,Falling,3.3545733899966623,,0,0
74693,794.9913316402466,3.1,Rising,3.1424877410917955,,0,0
175346,794.9913870261668,2.93,Falling,2.9696077149394617,,0,0
74993,794.991403259971,2.8,Rising,2.804498202026749,,0,0
175046,794.9914586458912,2.68,Falling,2.6808336057534605,,0,0
75293,794.9914748796954,2.56,Rising,2.558545276234012,,0,0
174746,794.9915302656156,2.48,Falling,2.471693363844345,,0,0
75593,794.9915464994198,2.39,Rising,2.3834226871526187,,0,0
174446,794.99160188534,2.32,Falling,2.3187577639751122,,0,0
75893,794.9916181191442,2.26,Rising,2.2533442301405273,,0,0
174146,794.9916735050643,2.21,Falling,2.2039293886890743,,0,0
76193,794.9916897388686,2.17,Rising,2.155008172605388,,0,0
173846,794.9917451247887,2.1100000000000003,Falling,2.11587119973844,,0,0
76493,794.991761358593,2.09,Rising,2.0795979078129747,,0,0
173546,794.9918167445131,2.05,Falling,2.050679960771459,,0,0
76793,794.9918329783173,2.04,Rising,2.0240830336710998,,0,0
173246,794.9918883642375,1.99,Falling,2.0019320039228172,,0,0
77093,794.9919045980417,2.0,Rising,1.982886564236646,,0,0
172946,794.9919599839619,1.95,Falling,1.9668682576004908,,0,0
77393,794.9919762177661,1.97,Rising,1.9529454069957184,,0,0
172646,794.9920316036863,1.93,Falling,1.9431578947368107,,0,0
77693,794.9920478374905,1.95,Rising,1.9353416149068015,,0,0
172346,794.9921032234107,1.92,Falling,1.93127165740435,,0,0
77993,794.9921194572149,1.94,Rising,1.926747303040179,,0,0
172046,794.9921748431351,1.91,Falling,1.926943445570418,,0,0
78293,794.9921910769393,1.94,Rising,1.925998692383102,,0,0
171746,794.9922464628595,1.92,Falling,1.929790781301049,,0,0
78593,794.9922626966637,1.94,Rising,1.9321314154952307,,0,0
171446,794.9923180825839,1.94,Falling,1.9394736842104972,,0,0
78893,794.9923343163881,1.96,Rising,1.9451193200391996,,0,0
171146,794.9923897023083,1.95,Falling,1.9538934292252077,,0,0
79193,794.9924059361125,1.97,Rising,1.9632167374958849,,0,0
170846,794.9924613220327,1.97,Falling,1.9755671788165774,,0,0
79495,794.9924780333017,2.0,Rising,1.9898103955540734,,0,0
170546,794.9925329417571,1.99,Falling,2.0069794050342957,,0,0
79795,794.9925496530261,2.04,Rising,2.0259235044131776,,0,0
170243,794.9926052776786,2.04,Falling,2.048528931023181,,0,0
80095,794.9926212727505,2.08,Rising,2.0739391958155964,,0,0
169943,794.992676897403,2.09,Falling,2.1014122262176884,,0,0
80395,794.9926928924749,2.13,Rising,2.1346387708401138,,0,0
169643,794.9927485171274,2.18,Falling,2.169624060150346,,0,0
80695,794.9927645121993,2.21,Rising,2.211866623079408,,0,0
169343,794.9928201368518,2.27,Falling,2.256472703497845,,0,0
80995,794.9928361319236,2.3,Rising,2.309846355017949,,0,0
169043,794.9928917565762,2.37,Falling,2.3693984962405703,,0,0
81295,794.992907751648,2.41,Rising,2.434396861719484,,0,0
168743,794.9929633763006,2.49,Falling,2.505439686171919,,0,0
81595,794.9929793713724,2.54,Rising,2.5801699901928394,,0,0
168443,794.993034996025,2.65,Falling,2.6595194508008793,,0,0
81895,794.9930509910968,2.7,Rising,2.7381137626675014,,0,0
168143,794.9931066157494,2.84,Falling,2.8180679960771107,,0,0
82195,794.9931226108212,2.88,Rising,2.8950735534488,,0,0
167843,794.9931782354738,3.02,Falling,2.968401438378514,,0,0
82495,794.9931942305456,3.05,Rising,3.0349068322980948,,0,0
167543,794.9932498551982,3.13,Falling,3.0927884929715157,,0,0
82795,794.99326585027,3.16,Rising,3.1421150702843628,,0,0
167243,794.9933214749226,3.22,Falling,3.181376266753796,,0,0
83095,794.9933374699943,3.24,Rising,3.213478260869519,,0,0
166943,794.993393094647,3.25,Falling,3.2348708728342137,,0,0
83395,794.9934090897187,3.27,Rising,3.2528865642366314,,0,0
166643,794.9934647143714,3.25,Falling,3.2622785223928914,,0,0
83695,794.9934807094431,3.27,Rising,3.2744622425628815,,0,0
166343,794.9935363340958,3.25,Falling,3.2804740111146953,,0,0
83995,794.9935523291675,3.28,Rising,3.2953710362863204,,0,0
166043,794.9936079538202,3.29,Falling,3.309071592023489,,0,0
84295,794.9936239488919,3.33,Rising,3.333484798953858,,0,0
165743,794.9936795735446,3.36,Falling,3.3599117358613446,,0,0
84595,794.9936955686163,3.39,Rising,3.400212487741044,,0,0
165443,794.993751193269,3.45,Falling,3.443520758417735,,0,0
84895,794.9937671883407,3.49,Rising,3.5015691402418607,,0,0
165143,794.9938228129934,3.5700000000000003,Falling,3.5632003922850126,,0,0
85195,794.9938388080651,3.62,Rising,3.640627656096714,,0,0
164843,794.9938944327178,3.74,Falling,3.719068322981317,,0,0
85495,794.9939104277895,3.8,Rising,3.814906832298086,,0,0
164543,794.9939660524421,3.94,Falling,3.909666557698544,,0,0
85795,794.9939820475139,4.0,Rising,4.0258875449492795,,0,0
164243,794.9940376721665,4.17,Falling,4.13797973193849,,0,0
86095,794.9940536672383,4.24,Rising,4.274043805165032,,0,0
163943,794.9941092918909,4.46,Falling,4.398940830336658,,0,0
86395,794.9941252869627,4.53,Rising,4.541500490356272,,0,0
163643,794.9941809116153,4.79,Falling,4.70312520431508,,0,0
86695,794.9941969066871,4.8500000000000005,Rising,4.881255312193471,,0,0
163343,794.9942525313397,5.17,Falling,5.046570774762938,,0,0
86998,794.9942692426087,5.23,Rising,5.256305982347117,,0,0
163040,794.9943248672613,5.609999999999999,Falling,5.492657731284677,,0,0
87298,794.994340862333,5.67,Rising,5.776554429552083,,0,0
162740,794.9943964869857,6.14,Falling,6.086328865642306,,0,0
87598,794.9944124820574,6.24,Rising,6.444622425629229,,0,0
87898,794.9944841017818,6.88,Rising,6.825462569467081,,0,0
162231,794.9945180017847,7.26,Falling,7.271167048054853,,0,0
88198,794.9945557215062,7.63,Rising,7.739303694017583,,0,0
161931,794.9945896215091,8.120000000000001,Falling,8.284789146779922,,0,0
161631,794.9946612412335,9.17,Falling,8.850317097090473,,0,0
88787,794.9946963348985,9.66,Rising,9.501745668519044,,0,0
161331,794.9947328609579,10.4,Falling,10.171091860084914,,0,0
89087,794.9947679546228,11.0,Rising,10.949568486433392,,0,0
161031,794.9948044806823,11.9,Falling,11.749852893102235,,0,0
89387,794.9948395743472,12.7,Rising,12.691252043151263,,0,0
160731,794.9948761004067,13.9,Falling,13.652069303693922,,0,0
89687,794.9949111940716,14.8,Rising,14.810382477933869,,0,0
160431,794.9949477201311,16.3,Falling,16.025864661654037,,0,0
89987,794.994982813796,17.4,Rising,17.470088264138504,,0,0
160131,794.9950193398555,19.3,Falling,19.047129780974068,,0,0
90287,794.9950544335204,20.8,Rising,20.963301732592235,,0,0
159831,794.9950909595799,23.3,Falling,23.11539718862361,,0,0
90587,794.9951260532448,25.2,Rising,25.696829029094335,,0,0
159531,794.9951625793043,28.4,Falling,28.617718208564728,,0,0
90887,794.9951976729692,30.800000000000004,Rising,32.03801896044439,,0,0
159231,794.9952341990287,35.1,Falling,35.94988558352377,,0,0
91187,794.9952692926936,38.1,Rising,40.27535142203304,,0,0
158931,794.9953058187531,43.6,Falling,45.086727688786794,,0,0
91487,794.995340912418,47.5,Rising,49.98630271330452,,0,0
158631,794.9953774384775,53.6,Falling,55.089310232101425,,0,0
91787,794.9954125321424,58.3,Rising,59.84318404707352,,0,0
158331,794.9954490582019,64.6,Falling,64.34615887544871,,0,0
92087,794.9954841518668,68.80000000000001,Rising,68.07338999673007,,0,0
158031,794.9955206779263,74.0,Falling,71.09388689113992,,0,0
92387,794.9955557715912,76.69999999999999,Rising,73.01556064073121,,0,0
157718,794.9955954011721,77.8,Falling,73.9398169336373,,0,0
92687,794.9956273913156,78.30000000000001,Rising,73.67786858450357,,0,0
157418,794.9956670208965,74.3,Falling,72.34674730303902,,0,0
92987,794.99569901104,73.0,Rising,69.95044132069182,,0,0
157118,794.9957386406209,65.8,Falling,66.6583524027448,,0,0
93287,794.9957706307644,63.2,Rising,62.58368747956731,,0,0
156818,794.9958102603453,55.2,Falling,57.9926119646932,,0,0
93587,794.9958422504887,52.2,Rising,53.07577639751443,,0,0
156518,794.9958818800696,45.0,Falling,48.084962406014,,0,0
93887,794.9959138702131,42.5,Rising,43.232853873814,,0,0
156218,794.995953499794,36.5,Falling,38.71372997711579,,0,0
94187,794.9959854899375,34.400000000000006,Rising,34.531153971885395,,0,0
155918,794.9960251195183,29.5,Falling,30.925727361882196,,0,0
94487,794.9960571096619,27.9,Rising,27.60578620464134,,0,0
155615,794.99609745544,24.0,Falling,24.921314154951954,,0,0
94787,794.9961287293863,23.0,Rising,22.41278195488664,,0,0
155315,794.9961690751644,19.9,Falling,20.441176855180903,,0,0
95090,794.9962010653079,19.2,Rising,18.545187969924342,,0,0
155015,794.9962406948888,16.7,Falling,17.079552141222194,,0,0
95390,794.9962726850323,16.099999999999998,Rising,15.657227852238904,,0,0
154715,794.9963123146132,14.2,Falling,14.515462569466791,,0,0
95690,794.9963443047567,13.8,Rising,13.394246485779341,,0,0
154415,794.9963839343376,12.3,Falling,12.484916639424354,,0,0
95990,794.9964159244811,12.0,Rising,11.575717554756185,,0,0
154115,794.996455554062,10.8,Falling,10.843337692055975,,0,0
96290,794.9964875442055,10.4,Rising,10.082667538411016,,0,0
153815,794.9965271737864,9.54,Falling,9.474537430532642,,0,0
96590,794.9965591639299,9.23,Rising,8.843622098724877,,0,0
96904,794.9966341259081,8.23,Rising,8.339176201372815,,0,0
153168,794.9966816336587,7.49,Falling,7.814861065707579,,0,0
97204,794.9967057456325,7.41,Rising,7.386534815298961,,0,0
152868,794.9967532533831,6.8,Falling,6.950300751879552,,0,0
97504,794.9967773653569,6.74,Rising,6.597963386727551,,0,0
152568,794.9968248731075,6.24,Falling,6.246884602811246,,0,0
97942,794.9968819301545,5.95,Rising,5.969329846354896,,0,0
152268,794.9968964928318,5.74,Falling,5.69941157240917,,0,0
98242,794.9969535498789,5.52,Rising,5.482304674730196,,0,0
151968,794.9969681125561,5.32,Falling,5.2829061784896005,,0,0
98542,794.9970251696033,5.15,Rising,5.132840797646193,,0,0
151668,794.9970397322805,4.98,Falling,4.977433801895953,,0,0
98842,794.9970967893277,4.8500000000000005,Rising,4.8140045766589505,,0,0
151368,794.9971113520049,4.69,Falling,4.690676691729237,,0,0
99142,794.997168409052,4.6,Rising,4.560660346518387,,0,0
151068,794.9971829717293,4.45,Falling,4.467195161817509,,0,0
99442,794.9972400287764,4.390000000000001,Rising,4.371039555410189,,0,0
150768,794.9972545914537,4.279999999999999,Falling,4.288094148414441,,0,0
99742,794.9973116485008,4.23,Rising,4.213746322327488,,0,0
150468,794.9973262111781,4.15,Falling,4.156204642039813,,0,0
100042,794.9973832682252,4.13,Rising,4.105485452762274,,0,0
150168,794.9973978309025,4.07,Falling,4.074772801569075,,0,0
100342,794.9974548879496,4.07,Rising,4.051323962079047,,0,0
149868,794.9974694506269,4.02,Falling,4.050506701536388,,0,0
100642,794.997526507674,4.07,Rising,4.060702844066627,,0,0
149568,794.9975410703513,4.05,Falling,4.095024517816218,,0,0
100942,794.9975981273984,4.13,Rising,4.141503759398434,,0,0
149268,794.9976126900757,4.13,Falling,4.2107388035305044,,0,0
101242,794.9976697471228,4.27,Rising,4.2926479241581585,,0,0
148968,794.9976843098001,4.289999999999999,Falling,4.387152664269305,,0,0
101542,794.9977413668472,4.470000000000001,Rising,4.483864007845635,,0,0
148668,794.9977559295245,4.5,Falling,4.582441974501402,,0,0
101842,794.9978129865716,4.71,Rising,4.672154298790383,,0,0
148368,794.9978275492489,4.75,Falling,4.748881987577568,,0,0
102142,794.997884606296,4.9,Rising,4.801013403072826,,0,0
148068,794.9978991689733,4.909999999999999,Falling,4.830359594638695,,0,0
102442,794.9979562260204,4.97,Rising,4.827822817914273,,0,0
147765,794.997971504895,4.9,Falling,4.797976462896293,,0,0
102745,794.998028561942,4.819999999999999,Rising,4.732497548218295,,0,0
147465,794.9980431246194,4.69,Falling,4.643200392284984,,0,0
103045,794.9981001816664,4.5600000000000005,Rising,4.522912716573966,,0,0
147165,794.9981147443438,4.380000000000001,Falling,4.387737822817839,,0,0
103345,794.9981718013908,4.19,Rising,4.2304740111146675,,0,0
146865,794.9981863640681,4.01,Falling,4.072631578947296,,0,0
103645,794.9982434211151,3.850000000000001,Rising,3.9071951618175174,,0,0
146565,794.9982579837925,3.7,Falling,3.752092186989144,,0,0
103945,794.9983150408395,3.56,Rising,3.60165413533828,,0,0
146265,794.9983296035168,3.43,Falling,3.4682445243543003,,0,0
104245,794.9983866605639,3.33,Rising,3.3470742072572124,,0,0
145965,794.9984012232412,3.23,Falling,3.2424452435435827,,0,0
104545,794.9984582802883,3.15,Rising,3.1505034324942227,,0,0
145665,794.9984728429656,3.07,Falling,3.0750179797318835,,0,0
104845,794.9985299000127,3.02,Rising,3.0099444262830457,,0,0
145365,794.99854446269,2.95,Falling,2.9563223275579738,,0,0
105145,794.9986015197371,2.92,Rising,2.9085746976135494,,0,0
145065,794.9986160824144,2.8600000000000003,Falling,2.8718470088263657,,0,0
105445,794.9986731394615,2.85,Rising,2.839823471722738,,0,0
144765,794.9986877021388,2.8200000000000003,Falling,2.8180941484144686,,0,0
105745,794.9987447591859,2.81,Rising,2.797404380516463,,0,0
144465,794.9987593218632,2.78,Falling,2.784668192219635,,0,0
106045,794.9988163789103,2.79,Rising,2.7756194834912935,,0,0
144165,794.9988309415876,2.77,Falling,2.7734292252369626,,0,0
106345,794.9988879986347,2.79,Rising,2.774256292906136,,0,0
143865,794.998902561312,2.77,Falling,2.7831578947368,,0,0
106645,794.9989596183591,2.8200000000000003,Rising,2.794978751225849,,0,0
143565,794.9989741810364,2.8,Falling,2.816600196142489,,0,0
106945,794.9990312380835,2.8600000000000003,Rising,2.8392873488067583,,0,0
143265,794.9990458007608,2.83,Falling,2.873582870218984,,0,0
107245,794.9991028578079,2.92,Rising,2.905655442955173,,0,0
142965,794.9991174204852,2.94,Falling,2.9509839816933225,,0,0
107545,794.9991744775323,3.01,Rising,2.9939816933638044,,0,0
142665,794.9991890402096,3.05,Falling,3.0507649558678893,,0,0
107845,794.9992460972567,3.14,Rising,3.1071886237332045,,0,0
142365,794.999260659934,3.19,Falling,3.18061784897021,,0,0
108145,794.9993177169811,3.29,Rising,3.2504184373978005,,0,0
142065,794.9993322796583,3.33,Falling,3.3407616868257186,,0,0
108445,794.9993893367055,3.46,Rising,3.428051650866254,,0,0
141765,794.9994038993827,3.49,Falling,3.5373716900947594,,0,0
108745,794.9994609564299,3.71,Rising,3.647388035305613,,0,0
141465,794.9994755191071,3.75,Falling,3.7432592350440914,,0,0
109045,794.9995325761543,4.0,Rising,3.880990519777665,,0,0
141165,794.9995471388315,4.09,Falling,4.000392285060442,,0,0
109345,794.9996041958786,4.37,Rising,4.2217325923504045,,0,0
140865,794.9996187585559,4.470000000000001,Falling,4.445429879045403,,0,0
109645,794.999675815603,4.8500000000000005,Rising,4.790277868584467,,0,0
140562,794.9996910944776,5.010000000000001,Falling,5.166426936907448,,0,0
109948,794.9997481515246,5.48,Rising,5.644762994442586,,0,0
140262,794.9997627142019,5.75,Falling,6.19947368421048,,0,0
110248,794.999819771249,6.29,Rising,6.849437724746593,,0,0
110548,794.9998913909734,7.4,Rising,7.598672768878651,,0,0
139624,794.9999150254824,7.869999999999999,Falling,8.38186989212153,,0,0
139324,794.9999866452068,9.51,Falling,9.267862046420303,,0,0
111039,795.000008608589,9.62,Rising,10.094207257273508,,0,0
139024,795.0000582649312,11.3,Falling,10.971330500163324,,0,0
111339,795.0000802283134,11.4,Rising,11.697342268715122,,0,0
138724,795.0001298846556,12.8,Falling,12.391454723765772,,0,0
111639,795.0001518480378,13.2,Rising,12.878028767570928,,0,0
138424,795.00020150438,13.9,Falling,13.258051650866108,,0,0
111939,795.0002234677622,14.0,Rising,13.446495586792865,,0,0
138124,795.0002731241044,13.8,Falling,13.391078783916104,,0,0
112239,795.0002950874866,13.9,Rising,13.190545930042283,,0,0
137824,795.0003447438288,12.6,Falling,12.787933965347937,,0,0
112539,795.000366707211,12.8,Rising,12.274749918273727,,0,0
137524,795.0004163635532,11.0,Falling,11.590523046747087,,0,0
112839,795.0004383269354,11.2,Rising,10.862134684537223,,0,0
137224,795.0004879832776,9.51,Falling,10.03599215429859,,0,0
113139,795.0005099466598,9.53,Rising,9.232098725073364,,0,0
113439,795.0005815663842,8.09,Rising,8.435357960117507,,0,0
136632,795.0006293128671,7.1,Falling,7.705867930696137,,0,0
113739,795.0006531861086,6.96,Rising,7.042033344229983,,0,0
136332,795.0007009325915,6.18,Falling,6.442121608368604,,0,0
114219,795.0007677776675,5.66,Rising,5.961768551814184,,0,0
136032,795.0007725523159,5.49,Falling,5.500006538084218,,0,0
114519,795.0008393973919,5.069999999999999,Rising,5.180797646289523,,0,0
135732,795.0008441720403,4.989999999999999,Falling,4.849676364825,,0,0
114819,795.0009110171163,4.67,Rising,4.652974828375187,,0,0
135432,795.0009157917647,4.5600000000000005,Falling,4.443955541026387,,0,0
115119,795.0009826368407,4.380000000000001,Rising,4.3392219679633,,0,0
135132,795.0009874114891,4.26,Falling,4.224429552141143,,0,0
115419,795.0010542565651,4.12,Rising,4.104053612291522,,0,0
134832,795.0010590312135,4.08,Falling,4.032922523700483,,0,0
115719,795.0011258762895,3.95,Rising,3.9573226544621716,,0,0
134532,795.0011306509379,3.93,Falling,3.881503759398428,,0,0
116019,795.0011974960139,3.81,Rising,3.825403726708009,,0,0
134232,795.0012022706622,3.8,Falling,3.767152664269305,,0,0
116319,795.0012691157383,3.71,Rising,3.7281268388361584,,0,0
133932,795.0012738903866,3.7,Falling,3.687629944426222,,0,0
116619,795.0013407354627,3.66,Rising,3.658548545276174,,0,0
133632,795.001345510111,3.64,Falling,3.6338280483817655,,0,0
116919,795.0014123551871,3.63,Rising,3.6159561948348555,,0,0
133332,795.0014171298354,3.6,Falling,3.6012128146452516,,0,0
117219,795.0014839749115,3.59,Rising,3.5968911408956616,,0,0
133032,795.0014887495598,3.59,Falling,3.5943249427917054,,0,0
117519,795.0015555946359,3.6,Rising,3.601019941157185,,0,0
132732,795.0015603692842,3.61,Falling,3.6085223929388137,,0,0
117822,795.0016279305576,3.62,Rising,3.623089244851203,,0,0
132429,795.0016327052058,3.65,Falling,3.641356652500763,,0,0
118122,795.0016995502818,3.67,Rising,3.6642628309904657,,0,0
132129,795.0017043249302,3.7,Falling,3.694534161490629,,0,0
118422,795.0017711700062,3.73,Rising,3.726243870545876,,0,0
131829,795.0017759446546,3.77,Falling,3.766812683883568,,0,0
118722,795.0018427897306,3.8,Rising,3.807983000980658,,0,0
131529,795.001847564379,3.850000000000001,Falling,3.855930042497493,,0,0
119022,795.001914409455,3.9,Rising,3.9050375939849062,,0,0
131229,795.0019191841034,3.96,Falling,3.962693690748555,,0,0
119322,795.0019860291794,4.04,Rising,4.020176528277158,,0,0
130929,795.0019908038278,4.08,Falling,4.0871722785223366,,0,0
119622,795.0020576489038,4.18,Rising,4.154893756129396,,0,0
130629,795.0020624235522,4.21,Falling,4.233305001634463,,0,0
119922,795.0021292686282,4.34,Rising,4.312092186989153,,0,0
130329,795.0021340432766,4.380000000000001,Falling,4.403667865315403,,0,0
120222,795.0022008883526,4.51,Rising,4.496407322654401,,0,0
130029,795.002205663001,4.57,Falling,4.6014449166393625,,0,0
120522,795.002272508077,4.72,Rising,4.709016018306572,,0,0
129729,795.0022772827253,4.78,Falling,4.827087283425891,,0,0
120822,795.0023441278014,4.97,Rising,4.948571428571363,,0,0
129429,795.0023489024497,5.03,Falling,5.080977443608956,,0,0
121122,795.0024157475258,5.24,Rising,5.211948349133635,,0,0
129129,795.0024205221741,5.31,Falling,5.336740764955798,,0,0
121422,795.0024873672502,5.54,Rising,5.479499836547817,,0,0
128829,795.0024921418985,5.6,Falling,5.6086825760051555,,0,0
121722,795.0025589869746,5.83,Rising,5.759101013402996,,0,0
128529,795.0025637616229,5.890000000000001,Falling,5.891693363844316,,0,0
122022,795.002630606699,6.09,Rising,6.046309251389263,,0,0
128229,795.0026353813473,6.17,Falling,6.18031709709047,,0,0
122322,795.0027022264234,6.34,Rising,6.340460934945977,,0,0
127929,795.0027070010717,6.409999999999999,Falling,6.477518796992397,,0,0
122622,795.0027738461478,6.59,Rising,6.620624387054506,,0,0
127384,795.0028371102377,6.94,Falling,6.781127819548785,,0,0
122922,795.0028454658722,6.86,Rising,6.951085322000565,,0,0
127070,795.0029120722158,7.32,Falling,7.123000980712561,,0,0
123222,795.0029170855966,7.199999999999999,Rising,7.3288035305654535,,0,0
126770,795.0029836919402,7.710000000000001,Falling,7.620804184373881,,0,0
123522,795.002988705321,7.6,Rising,7.883153436952062,,0,0
126470,795.0030553116646,8.19,Falling,8.15880637033955,,0,0
123822,795.0030603250453,8.049999999999999,Rising,8.446461179298705,,0,0
126170,795.003126931389,8.760000000000002,Falling,8.744816058591802,,0,0
124367,795.0031904342113,9.07,Rising,9.0525692029811,,0,0
125870,795.0031985511134,9.41,Falling,9.368418807228874,,0,0
124667,795.0032620539357,9.76,Rising,9.69106306609739,,0,0
124967,795.0033336736601,10.5,Rising,10.019200174348915,,0,0
125270,795.0034060095817,10.7,Rising,10.351528326745719,,0,0
125570,795.0034776293061,10.1,Rising,10.686745718050066,,0,0
