tau0,M,noise_direct,noise_closed_form,abs_diff_direct_vs_closed,limit_noise,limit_minus_direct,ER_direct_dB,ER_limit_dB
1.0,4,0.605053300804784,0.605053300804785,4.441e-16,0.712688574959648,0.107635274154863,2.182063655,1.471002033
1.0,5,0.641150621163372,0.641150621163372,0.000e+00,0.712688574959648,0.071537953796275,1.930399326,1.471002033
1.0,6,0.661942234804825,0.661942234804825,0.000e+00,0.712688574959648,0.050746340154822,1.791799081,1.471002033
1.0,7,0.674914577044185,0.674914577044185,0.000e+00,0.712688574959648,0.037773997915463,1.707511917,1.471002033
1.0,8,0.683517988206844,0.683517988206845,2.220e-16,0.712688574959648,0.029170586752803,1.652500516,1.471002033
1.0,9,0.689502666907652,0.689502666907652,2.220e-16,0.712688574959648,0.023185908051995,1.614640497,1.471002033
1.0,10,0.693827394920364,0.693827394920364,2.220e-16,0.712688574959648,0.018861180039283,1.587485566,1.471002033
1.0,15,0.704219623956040,0.704219623956040,0.000e+00,0.712688574959648,0.008468951003608,1.522918769,1.471002033
1.0,30,0.710558170125144,0.710558170125143,1.110e-15,0.712688574959648,0.002130404834504,1.484003626,1.471002033
1.0,50,0.711920609553913,0.711920609553914,8.882e-16,0.712688574959648,0.000767965405734,1.475684344,1.471002033
1.0,100,0.712496475840938,0.712496475840940,1.776e-15,0.712688574959648,0.000192099118710,1.472172794,1.471002033
1.0,300,0.712667227062383,0.712667227062380,3.109e-15,0.712688574959648,0.000021347897265,1.471132123,1.471002033
1.0,1000,0.712686653612495,0.712686653612539,4.419e-14,0.712688574959648,0.000001921347153,1.471013741,1.471002033
2.0,4,0.180295001984469,0.180295001984469,5.551e-17,0.197629012645253,0.017334010660784,7.440163123,7.041492991
2.0,5,0.186422470121517,0.186422470121517,1.388e-16,0.197629012645253,0.011206542523735,7.295017419,7.041492991
2.0,6,0.189803402006720,0.189803402006720,1.665e-16,0.197629012645253,0.007825610638532,7.216960076,7.041492991
2.0,7,0.191860216365578,0.191860216365578,2.776e-17,0.197629012645253,0.005768796279675,7.170150701,7.041492991
2.0,8,0.193202593991766,0.193202593991766,1.943e-16,0.197629012645253,0.004426418653487,7.139870469,7.041492991
2.0,9,0.194126327949308,0.194126327949308,5.551e-17,0.197629012645253,0.003502684695944,7.119155604,7.041492991
2.0,10,0.194788777338346,0.194788777338345,2.220e-16,0.197629012645253,0.002840235306907,7.104360684,7.041492991
2.0,15,0.196363450985443,0.196363450985443,6.106e-16,0.197629012645253,0.001265561659810,7.069393440,7.041492991
2.0,30,0.197312134783888,0.197312134783888,3.331e-16,0.197629012645253,0.000316877861365,7.048462046,7.041492991
2.0,50,0.197514899101372,0.197514899101376,3.553e-15,0.197629012645253,0.000114113543880,7.044001388,7.041492991
2.0,100,0.197600480300692,0.197600480300690,1.860e-15,0.197629012645253,0.000028532344561,7.042120041,7.041492991
2.0,300,0.197625842254397,0.197625842254397,0.000e+00,0.197629012645253,0.000003170390856,7.041562662,7.041492991
2.0,1000,0.197628727308727,0.197628727308738,1.099e-14,0.197629012645253,0.000000285336526,7.041499261,7.041492991
3.0,4,0.083114029408238,0.083114029408238,1.665e-16,0.089757421028761,0.006643391620523,10.803256624,10.469296344
3.0,5,0.085486371798751,0.085486371798751,1.665e-16,0.089757421028761,0.004271049230010,10.681031148,10.469296344
3.0,6,0.086784085065680,0.086784085065680,5.551e-17,0.089757421028761,0.002973335963081,10.615599108,10.469296344
3.0,7,0.087569667911232,0.087569667911232,1.665e-16,0.089757421028761,0.002187753117529,10.576462973,10.469296344
3.0,8,0.088080797428293,0.088080797428294,7.494e-16,0.089757421028761,0.001676623600468,10.551187622,10.469296344
3.0,9,0.088431799444243,0.088431799444242,4.996e-16,0.089757421028761,0.001325621584518,10.533915377,10.469296344
3.0,10,0.088683155900722,0.088683155900722,4.857e-16,0.089757421028761,0.001074265128039,10.521588604,10.469296344
3.0,15,0.089279430318853,0.089279430318852,5.829e-16,0.089757421028761,0.000477990709908,10.492485896,10.469296344
3.0,30,0.089637842256101,0.089637842256101,4.302e-16,0.089757421028761,0.000119578772660,10.475086063,10.469296344
3.0,50,0.089714366436753,0.089714366436755,1.804e-15,0.089757421028761,0.000043054592008,10.471380055,10.469296344
3.0,100,0.089746656723131,0.089746656723128,3.331e-15,0.089757421028761,0.000010764305630,10.469817210,10.469296344
3.0,300,0.089756224973151,0.089756224973139,1.177e-14,0.089757421028761,0.000001196055611,10.469354215,10.469296344
3.0,1000,0.089757313383528,0.089757313383579,5.074e-14,0.089757421028761,0.000000107645233,10.469301552,10.469296344
4.0,4,0.047370300506381,0.047370300506381,7.633e-17,0.050883355299626,0.003513054793245,13.244938602,12.934242586
4.0,5,0.048629267220272,0.048629267220273,1.735e-16,0.050883355299626,0.002254088079354,13.131022746,12.934242586
4.0,6,0.049315844130928,0.049315844130928,8.327e-16,0.050883355299626,0.001567511168699,13.070135287,12.934242586
4.0,7,0.049730749746842,0.049730749746842,2.498e-16,0.050883355299626,0.001152605552785,13.033749932,12.934242586
4.0,8,0.050000411553769,0.050000411553769,2.637e-16,0.050883355299626,0.000882943745857,13.010264210,12.934242586
4.0,9,0.050185460383563,0.050185460383563,2.498e-16,0.050883355299626,0.000697894916063,12.994220874,12.934242586
4.0,10,0.050317909464654,0.050317909464654,2.082e-16,0.050883355299626,0.000565445834972,12.982774106,12.934242586
4.0,15,0.050631886981261,0.050631886981261,1.110e-16,0.050883355299626,0.000251468318365,12.955758867,12.934242586
4.0,30,0.050820464334149,0.050820464334150,1.013e-15,0.050883355299626,0.000062890965477,12.939613712,12.934242586
4.0,50,0.050860712716669,0.050860712716667,2.047e-15,0.050883355299626,0.000022642582957,12.936175583,12.934242586
4.0,100,0.050877694460286,0.050877694460291,4.712e-15,0.050883355299626,0.000005660839340,12.934725771,12.934242586
4.0,300,0.050882726311104,0.050882726311097,6.377e-15,0.050883355299626,0.000000628988523,12.934296271,12.934242586
4.0,1000,0.050883298690590,0.050883298690549,4.118e-14,0.050883355299626,0.000000056609036,12.934247418,12.934242586
5.0,4,0.030504002853374,0.030504002853374,2.637e-16,0.032684231493017,0.002180228639643,15.156431671,14.856617222
5.0,5,0.031286609201251,0.031286609201252,6.453e-16,0.032684231493017,0.001397622291766,15.046415025,14.856617222
5.0,6,0.031712799466257,0.031712799466256,1.804e-16,0.032684231493017,0.000971432026761,14.987654187,14.856617222
5.0,7,0.031970144303948,0.031970144303948,2.498e-16,0.032684231493017,0.000714087189069,14.952554034,14.856617222
5.0,8,0.032137318463805,0.032137318463804,3.123e-16,0.032684231493017,0.000546913029213,14.929903636,14.856617222
5.0,9,0.032251999674273,0.032251999674273,1.874e-16,0.032684231493017,0.000432231818744,14.914433533,14.856617222
5.0,10,0.032334064012204,0.032334064012203,3.678e-16,0.032684231493017,0.000350167480814,14.903397062,14.856617222
5.0,15,0.032528538610806,0.032528538610806,3.192e-16,0.032684231493017,0.000155692882211,14.877354476,14.856617222
5.0,30,0.032645298831996,0.032645298831997,1.728e-15,0.032684231493017,0.000038932661022,14.861793516,14.856617222
5.0,50,0.032670215009782,0.032670215009786,4.115e-15,0.032684231493017,0.000014016483236,14.858480073,14.856617222
5.0,100,0.032680727295709,0.032680727295717,8.202e-15,0.032684231493017,0.000003504197308,14.857082870,14.856617222
5.0,300,0.032683842135242,0.032683842135226,1.596e-14,0.032684231493017,0.000000389357775,14.856668958,14.856617222
5.0,1000,0.032684196450789,0.032684196450849,5.998e-14,0.032684231493017,0.000000035042228,14.856621878,14.856617222
6.0,4,0.021254588180794,0.021254588180794,4.163e-16,0.022742592514061,0.001488004333268,16.725473053,16.431600300
6.0,5,0.021789191446792,0.021789191446792,2.220e-16,0.022742592514061,0.000953401067269,16.617588853,16.431600300
6.0,6,0.022080100875541,0.022080100875541,2.880e-16,0.022742592514061,0.000662491638520,16.559989468,16.431600300
6.0,7,0.022255683213059,0.022255683213059,3.261e-16,0.022742592514061,0.000486909301003,16.525590690,16.431600300
6.0,8,0.022369712700156,0.022369712700156,6.245e-17,0.022742592514061,0.000372879813906,16.503395936,16.431600300
6.0,9,0.022447922715551,0.022447922715550,7.702e-16,0.022742592514061,0.000294669798511,16.488238415,16.431600300
6.0,10,0.022503881745693,0.022503881745693,2.359e-16,0.022742592514061,0.000238710768368,16.477425630,16.431600300
6.0,15,0.022636469108460,0.022636469108461,1.003e-15,0.022742592514061,0.000106123405602,16.451913145,16.431600300
6.0,30,0.022716057200795,0.022716057200797,2.168e-15,0.022742592514061,0.000026535313266,16.436670464,16.431600300
6.0,50,0.022733039458536,0.022733039458532,3.671e-15,0.022742592514061,0.000009553055526,16.433424942,16.431600300
6.0,100,0.022740204214028,0.022740204214030,1.173e-15,0.022742592514061,0.000002388300033,16.432056395,16.431600300
6.0,300,0.022742327146201,0.022742327146194,6.800e-15,0.022742592514061,0.000000265367860,16.431650975,16.431600300
6.0,1000,0.022742568630940,0.022742568630958,1.766e-14,0.022742592514061,0.000000023883121,16.431604860,16.431600300
