dataset,detector_l,lock_l,theory_pct,experiment_pct,abs_error_pp
run_1,0,0,94.513995,94.587073,0.073078
run_1,0,1,0.488643,0.792667,0.304023
run_1,0,2,0.122630,0.504289,0.381659
run_1,0,3,0.211885,0.392202,0.180317
run_1,0,4,1.781995,2.045289,0.263293
run_1,0,5,2.092608,2.099102,0.006494
run_1,0,6,0.223972,0.279668,0.055696
run_1,0,7,0.117674,0.298227,0.180553
run_1,0,8,0.450581,0.509302,0.058720
run_1,1,0,0.488830,0.478222,0.010608
run_1,1,1,94.477858,94.864849,0.386990
run_1,1,2,0.488619,0.725047,0.236428
run_1,1,3,0.122645,0.735215,0.612569
run_1,1,4,0.212558,0.467372,0.254814
run_1,1,5,1.776360,2.023672,0.247312
run_1,1,6,2.092355,2.165858,0.073504
run_1,1,7,0.223983,0.334194,0.110210
run_1,1,8,0.117719,0.285246,0.167528
run_1,2,0,0.122683,0.047752,0.074931
run_1,2,1,0.488643,0.007683,0.480960
run_1,2,2,94.473170,94.531115,0.057945
run_1,2,3,0.488678,0.881393,0.392715
run_1,2,4,0.123034,0.749935,0.626900
run_1,2,5,0.211885,0.553573,0.341688
run_1,2,6,1.776145,2.319559,0.543414
run_1,2,7,2.092458,2.291205,0.198746
run_1,2,8,0.224069,0.229954,0.005885
run_1,3,0,0.211951,0.236414,0.024463
run_1,3,1,0.122637,0.000000,0.122637
run_1,3,2,0.488619,0.175792,0.312827
run_1,3,3,94.484614,93.384248,1.100367
run_1,3,4,0.490229,1.252677,0.762449
run_1,3,5,0.122645,0.930698,0.808052
run_1,3,6,0.211860,0.666836,0.454976
run_1,3,7,1.776233,2.229380,0.453147
run_1,3,8,2.093259,1.609658,0.483601
run_1,4,0,1.776912,1.526028,0.250884
run_1,4,1,0.211870,0.188704,0.023166
run_1,4,2,0.122630,0.000000,0.122630
run_1,4,3,0.488678,0.216274,0.272405
run_1,4,4,94.784368,92.441573,2.342795
run_1,4,5,0.488678,0.838344,0.349666
run_1,4,6,0.122630,0.909961,0.787330
run_1,4,7,0.211870,0.790507,0.578637
run_1,4,8,1.776912,2.155192,0.378280
run_1,5,0,2.093259,1.785343,0.307916
run_1,5,1,1.776233,1.557611,0.218621
run_1,5,2,0.211860,0.096554,0.115306
run_1,5,3,0.122645,0.000000,0.122645
run_1,5,4,0.490229,0.241845,0.248384
run_1,5,5,94.484614,93.238268,1.246346
run_1,5,6,0.488619,0.185283,0.303336
run_1,5,7,0.122637,1.050235,0.927598
run_1,5,8,0.211951,0.600166,0.388215
run_1,6,0,0.224069,0.508510,0.284442
run_1,6,1,2.092458,1.852469,0.239990
run_1,6,2,1.776145,1.537559,0.238586
run_1,6,3,0.211885,0.102024,0.109862
run_1,6,4,0.123034,0.000000,0.123034
run_1,6,5,0.488678,0.039003,0.449675
run_1,6,6,94.473170,93.093953,1.379217
run_1,6,7,0.488643,0.121173,0.367470
run_1,6,8,0.122683,1.667526,1.544843
run_1,7,0,0.117719,0.185014,0.067295
run_1,7,1,0.223983,0.443861,0.219878
run_1,7,2,2.092355,1.760470,0.331884
run_1,7,3,1.776360,1.235188,0.541172
run_1,7,4,0.212558,0.107041,0.105517
run_1,7,5,0.122645,0.000000,0.122645
run_1,7,6,0.488619,0.378882,0.109737
run_1,7,7,94.477858,92.479148,1.998710
run_1,7,8,0.488830,0.000000,0.488830
run_1,8,0,0.450581,0.645644,0.195063
run_1,8,1,0.117674,0.292156,0.174482
run_1,8,2,0.223972,0.669173,0.445201
run_1,8,3,2.092608,3.053457,0.960849
run_1,8,4,1.781995,2.694268,0.912273
run_1,8,5,0.211885,0.277340,0.065454
run_1,8,6,0.122630,0.000000,0.122630
run_1,8,7,0.488643,0.405932,0.082712
run_1,8,8,94.513995,92.942956,1.571039
run_2,0,0,94.513995,94.230317,0.283678
run_2,0,1,0.488643,0.001025,0.487618
run_2,0,2,0.122630,0.535774,0.413143
run_2,0,3,0.211885,0.407985,0.196100
run_2,0,4,1.781995,2.387348,0.605352
run_2,0,5,2.092608,2.590510,0.497902
run_2,0,6,0.223972,0.331067,0.107095
run_2,0,7,0.117674,0.368337,0.250663
run_2,0,8,0.450581,0.609684,0.159102
run_2,1,0,0.488830,0.463669,0.025161
run_2,1,1,94.477858,95.557352,1.079493
run_2,1,2,0.488619,0.000000,0.488619
run_2,1,3,0.122645,0.825391,0.702746
run_2,1,4,0.212558,0.553211,0.340654
run_2,1,5,1.776360,2.018275,0.241915
run_2,1,6,2.092355,2.559309,0.466954
run_2,1,7,0.223983,0.412233,0.188250
run_2,1,8,0.117719,0.276692,0.158973
run_2,2,0,0.122683,0.000132,0.122552
run_2,2,1,0.488643,0.078683,0.409960
run_2,2,2,94.473170,95.658267,1.185097
run_2,2,3,0.488678,0.686741,0.198063
run_2,2,4,0.123034,1.041705,0.918671
run_2,2,5,0.211885,0.572819,0.360933
run_2,2,6,1.776145,1.959408,0.183263
run_2,2,7,2.092458,2.643651,0.551192
run_2,2,8,0.224069,0.241408,0.017339
run_2,3,0,0.211951,0.152923,0.059028
run_2,3,1,0.122637,0.000000,0.122637
run_2,3,2,0.488619,0.190790,0.297829
run_2,3,3,94.484614,94.774963,0.290349
run_2,3,4,0.490229,0.000000,0.490229
run_2,3,5,0.122645,1.491462,1.368816
run_2,3,6,0.211860,0.844570,0.632710
run_2,3,7,1.776233,1.910449,0.134217
run_2,3,8,2.093259,1.858464,0.234795
run_2,4,0,1.776912,1.441792,0.335120
run_2,4,1,0.211870,0.122252,0.089619
run_2,4,2,0.122630,0.000000,0.122630
run_2,4,3,0.488678,0.000000,0.488678
run_2,4,4,94.784368,93.231803,1.552565
run_2,4,5,0.488678,0.000000,0.488678
run_2,4,6,0.122630,1.868583,1.745953
run_2,4,7,0.211870,0.972237,0.760366
run_2,4,8,1.776912,1.684919,0.091993
run_2,5,0,2.093259,1.315674,0.777585
run_2,5,1,1.776233,1.522312,0.253921
run_2,5,2,0.211860,0.175273,0.036586
run_2,5,3,0.122645,0.000000,0.122645
run_2,5,4,0.490229,0.514981,0.024752
run_2,5,5,94.484614,93.025346,1.459268
run_2,5,6,0.488619,0.545973,0.057354
run_2,5,7,0.122637,2.356459,2.233822
run_2,5,8,0.211951,0.622179,0.410227
run_2,6,0,0.224069,0.583402,0.359333
run_2,6,1,2.092458,1.512598,0.579860
run_2,6,2,1.776145,1.436316,0.339829
run_2,6,3,0.211885,0.074559,0.137327
run_2,6,4,0.123034,0.000000,0.123034
run_2,6,5,0.488678,0.301588,0.187090
run_2,6,6,94.473170,91.891090,2.582080
run_2,6,7,0.488643,0.068870,0.419773
run_2,6,8,0.122683,2.347771,2.225087
run_2,7,0,0.117719,0.410532,0.292813
run_2,7,1,0.223983,0.477217,0.253234
run_2,7,2,2.092355,1.492576,0.599779
run_2,7,3,1.776360,1.518808,0.257552
run_2,7,4,0.212558,0.069820,0.142738
run_2,7,5,0.122645,0.000000,0.122645
run_2,7,6,0.488619,0.000000,0.488619
run_2,7,7,94.477858,91.267760,3.210099
run_2,7,8,0.488830,0.000000,0.488830
run_2,8,0,0.450581,1.401561,0.950980
run_2,8,1,0.117674,0.728561,0.610887
run_2,8,2,0.223972,0.511004,0.287032
run_2,8,3,2.092608,1.711553,0.381055
run_2,8,4,1.781995,2.201132,0.419136
run_2,8,5,0.211885,0.000000,0.211885
run_2,8,6,0.122630,0.000000,0.122630
run_2,8,7,0.488643,0.000005,0.488639
run_2,8,8,94.513995,92.358885,2.155110
run_3,0,0,94.513995,93.451692,1.062303
run_3,0,1,0.488643,0.982561,0.493918
run_3,0,2,0.122630,0.543520,0.420890
run_3,0,3,0.211885,0.394877,0.182991
run_3,0,4,1.781995,2.295760,0.513764
run_3,0,5,2.092608,2.584716,0.492108
run_3,0,6,0.223972,0.330945,0.106973
run_3,0,7,0.117674,0.310364,0.192690
run_3,0,8,0.450581,0.632803,0.182222
run_3,1,0,0.488830,1.085008,0.596178
run_3,1,1,94.477858,94.225755,0.252103
run_3,1,2,0.488619,1.000864,0.512245
run_3,1,3,0.122645,0.722835,0.600190
run_3,1,4,0.212558,0.497692,0.285134
run_3,1,5,1.776360,2.039925,0.263565
run_3,1,6,2.092355,2.479021,0.386666
run_3,1,7,0.223983,0.293693,0.069709
run_3,1,8,0.117719,0.326946,0.209227
run_3,2,0,0.122683,0.039644,0.083039
run_3,2,1,0.488643,0.508038,0.019395
run_3,2,2,94.473170,94.097250,0.375920
run_3,2,3,0.488678,0.815355,0.326677
run_3,2,4,0.123034,0.858358,0.735324
run_3,2,5,0.211885,0.589915,0.378030
run_3,2,6,1.776145,1.929127,0.152982
run_3,2,7,2.092458,2.471769,0.379311
run_3,2,8,0.224069,0.271398,0.047330
run_3,3,0,0.211951,0.197775,0.014176
run_3,3,1,0.122637,0.000000,0.122637
run_3,3,2,0.488619,0.474902,0.013717
run_3,3,3,94.484614,93.197848,1.286766
run_3,3,4,0.490229,0.744865,0.254636
run_3,3,5,0.122645,1.220377,1.097732
run_3,3,6,0.211860,0.653343,0.441483
run_3,3,7,1.776233,1.916278,0.140045
run_3,3,8,2.093259,2.434916,0.341657
run_3,4,0,1.776912,1.226001,0.550911
run_3,4,1,0.211870,0.117040,0.094830
run_3,4,2,0.122630,0.000000,0.122630
run_3,4,3,0.488678,0.892184,0.403506
run_3,4,4,94.784368,92.971145,1.813223
run_3,4,5,0.488678,0.556161,0.067483
run_3,4,6,0.122630,1.476506,1.353875
run_3,4,7,0.211870,0.319507,0.107637
run_3,4,8,1.776912,1.737652,0.039260
run_3,5,0,2.093259,1.855798,0.237460
run_3,5,1,1.776233,1.737154,0.039079
run_3,5,2,0.211860,0.121172,0.090688
run_3,5,3,0.122645,0.000000,0.122645
run_3,5,4,0.490229,0.384904,0.105324
run_3,5,5,94.484614,91.889578,2.595037
run_3,5,6,0.488619,0.876560,0.387941
run_3,5,7,0.122637,1.786125,1.663488
run_3,5,8,0.211951,0.697737,0.485785
run_3,6,0,0.224069,0.476031,0.251962
run_3,6,1,2.092458,1.422596,0.669862
run_3,6,2,1.776145,1.647222,0.128923
run_3,6,3,0.211885,0.048519,0.163366
run_3,6,4,0.123034,0.000000,0.123034
run_3,6,5,0.488678,1.073790,0.585112
run_3,6,6,94.473170,91.546532,2.926638
run_3,6,7,0.488643,0.024870,0.463774
run_3,6,8,0.122683,1.864862,1.742178
run_3,7,0,0.117719,0.674101,0.556382
run_3,7,1,0.223983,0.387942,0.163959
run_3,7,2,2.092355,1.673369,0.418986
run_3,7,3,1.776360,1.741761,0.034599
run_3,7,4,0.212558,0.063810,0.148747
run_3,7,5,0.122645,0.000000,0.122645
run_3,7,6,0.488619,0.707966,0.219347
run_3,7,7,94.477858,90.977370,3.500488
run_3,7,8,0.488830,0.000000,0.488830
run_3,8,0,0.450581,0.993949,0.543367
run_3,8,1,0.117674,0.618913,0.501239
run_3,8,2,0.223972,0.441701,0.217729
run_3,8,3,2.092608,2.186622,0.094014
run_3,8,4,1.781995,2.183467,0.401471
run_3,8,5,0.211885,0.045537,0.166348
run_3,8,6,0.122630,0.000000,0.122630
run_3,8,7,0.488643,1.900025,1.411382
run_3,8,8,94.513995,92.033685,2.480310
